{"02001_19_MOB1_Stand_Relaxed_To_Walk_R180_Fwd": {"frameRate": 60, "standalone": true, "isLoop": false, "secondsStart": 0.016666666666666666, "secondsEnd": 1.7333333333333334, "groundBoneL": "L_MidToe1", "groundBoneR": "R_MidToe1", "moveList": ["Transition", "Walk"], "criticalPoses": [{"frame": 1, "pose": "idleToWalk_wL_neutral_fL_aboutBendKnees", "deltaLocation": [0.0, 0.0, 0.0], "deltaRotation": [0.0, 0.0, 0.0, 1.0], "poseID": 111, "globalTransform": {"BoneRoot/Hip/Pelvis/L_Thigh/L_Calf/L_Foot": {"location": [15.61463028215534, -0.943846961416071, 10.273904178115735], "rotation": [-0.0195072124305759, 0.1992379892486352, -0.9700258658121148, 0.1377443717863131]}, "BoneRoot/Hip/Pelvis/L_Thigh/L_Calf/L_Foot/L_ToeBase": {"location": [19.56165221398284, -14.370806831471624, 4.312345402014896], "rotation": [0.0162991401024404, 0.1367257092236438, -0.9825861543704576, 0.1247592389712606]}, "BoneRoot/Hip/Pelvis/R_Thigh/R_Calf/R_Foot": {"location": [-16.1703856597346, 0.2786978015708125, 10.17482728346421], "rotation": [-0.0414732928794682, -0.2036797002061785, 0.9431179240590152, 0.2594670056486352]}, "BoneRoot/Hip/Pelvis/R_Thigh/R_Calf/R_Foot/R_ToeBase": {"location": [-23.358238722653127, -11.62236603483091, 4.0035127227203215], "rotation": [0.0006034426294865, -0.1507174607139207, 0.9573855856930256, 0.2463670497452186]}}}, {"frame": 12, "pose": "idleToWalk_wL_neutral_fL", "deltaLocation": [0.0142296, 0.0154782, 0.0], "deltaRotation": [0.0, 0.0, -0.0505696, 0.998721], "poseID": null, "globalTransform": {"BoneRoot/Hip/Pelvis/L_Thigh/L_Calf/L_Foot": {"location": [14.80909348202908, -1.0143118466768368, 10.736307879231724], "rotation": [-0.0642135897742612, 0.2021624032530287, -0.9606606439012926, 0.179271037422158]}, "BoneRoot/Hip/Pelvis/L_Thigh/L_Calf/L_Foot/L_ToeBase": {"location": [19.653861454633606, -14.005022627535563, 4.477548005668186], "rotation": [-0.0208973411637276, 0.1440566479074746, -0.9746730310458902, 0.1697747504129103]}, "BoneRoot/Hip/Pelvis/R_Thigh/R_Calf/R_Foot": {"location": [-17.194013662436213, -4.910771405166891, 11.22006981194312], "rotation": [-0.0311202192852727, -0.2055163892490851, 0.9550323938399998, 0.2114418889858265]}, "BoneRoot/Hip/Pelvis/R_Thigh/R_Calf/R_Foot/R_ToeBase": {"location": [-23.142980892449124, -17.477013120690433, 5.048752972645593], "rotation": [0.0192756059049707, -0.1261797542626536, 0.971526460807952, 0.1996082577980872]}}}, {"frame": 21, "pose": "idleToWalk_wL_lean_fL_aboutToLift", "deltaLocation": [0.0504871, 0.0386692, 0.0], "deltaRotation": [0.0, 0.0, -0.0301644, 0.999545], "poseID": null, "globalTransform": {"BoneRoot/Hip/Pelvis/L_Thigh/L_Calf/L_Foot": {"location": [10.838206527741503, -3.8008841361816783, 10.781487592700964], "rotation": [-0.1346808628397628, 0.1767051955697522, -0.9562146068884207, 0.1904992509607734]}, "BoneRoot/Hip/Pelvis/L_Thigh/L_Calf/L_Foot/L_ToeBase": {"location": [15.656279820323585, -16.95870781668982, 4.860304659005993], "rotation": [-0.1063767927689965, 0.1025273283926544, -0.9714470273826056, 0.185641584464112]}, "BoneRoot/Hip/Pelvis/R_Thigh/R_Calf/R_Foot": {"location": [-18.123731374160197, -18.26356894848424, 11.465687979912598], "rotation": [-0.0249067733971617, -0.2063615926893552, 0.96097583036101, 0.1825376650547016]}, "BoneRoot/Hip/Pelvis/R_Thigh/R_Calf/R_Foot/R_ToeBase": {"location": [-23.30410463504213, -31.165668425590045, 5.2943735813429775], "rotation": [0.0561868370226096, -0.1364502725852925, 0.9735959470882568, 0.1741703024918839]}}}, {"frame": 44, "pose": "idleToWalk_R_touched_ground", "deltaLocation": [0.0525082, 0.237347, 0.0], "deltaRotation": [0.0, 0.0, -0.673024, 0.73962], "poseID": null, "globalTransform": {"BoneRoot/Hip/Pelvis/L_Thigh/L_Calf/L_Foot": {"location": [29.64259852900707, 1.3968691308564267, 12.82387667230326], "rotation": [-0.185826325702506, 0.194151306445692, -0.5526477776448165, 0.7888943406728068]}, "BoneRoot/Hip/Pelvis/L_Thigh/L_Calf/L_Foot/L_ToeBase": {"location": [41.80914387937153, 6.266325950974263, 5.099525317796671], "rotation": [-0.0961317369739937, 0.1169316090713507, -0.5841975726855059, 0.7973699793789022]}, "BoneRoot/Hip/Pelvis/R_Thigh/R_Calf/R_Foot": {"location": [-15.763212430949665, -9.69060931041879, 10.394408639609376], "rotation": [-0.0551266723906432, -0.1653921089047649, 0.8099985275518123, 0.5599186420070912]}, "BoneRoot/Hip/Pelvis/R_Thigh/R_Calf/R_Foot/R_ToeBase": {"location": [-29.28362121192625, -14.531838997638337, 5.3798220447127765], "rotation": [0.0029737909713822, -0.129017528366563, 0.8255492015750099, 0.5493761459330987]}}}, {"frame": 61, "pose": "idleToWalk_L_Foot_High1", "deltaLocation": [-0.20981, -0.0624341, 0.0], "deltaRotation": [0.0, 0.0, -0.442439, 0.896799], "poseID": null, "globalTransform": {"BoneRoot/Hip/Pelvis/L_Thigh/L_Calf/L_Foot": {"location": [18.330504974246804, 24.83982543436804, 30.21687655583496], "rotation": [0.1264312467945851, 0.6076995509002036, -0.7324724604607571, 0.2796435058001925]}, "BoneRoot/Hip/Pelvis/L_Thigh/L_Calf/L_Foot/L_ToeBase": {"location": [26.899919328370707, 23.242515143459475, 17.750278505995958], "rotation": [0.1611558472151334, 0.5655493058435882, -0.7703151709682571, 0.2465711113337347]}, "BoneRoot/Hip/Pelvis/R_Thigh/R_Calf/R_Foot": {"location": [5.447672448777071, 1.5407750970188987, 10.632606223422515], "rotation": [-0.0076743095026566, -0.2207193171602732, 0.965886075311106, 0.1352337884038918]}, "BoneRoot/Hip/Pelvis/R_Thigh/R_Calf/R_Foot/R_ToeBase": {"location": [1.52520841731676, -11.632107517678188, 4.115303783385908], "rotation": [0.0107437596661016, -0.1496576469903796, 0.9816329707183836, 0.1178298397017547]}}}, {"frame": 67, "pose": "idleToWalk_L_Foot_H_Together", "deltaLocation": [-0.0204054, -0.0650729, 0.0], "deltaRotation": [0.0, 0.0, -0.14209, 0.989854], "poseID": null, "globalTransform": {"BoneRoot/Hip/Pelvis/L_Thigh/L_Calf/L_Foot": {"location": [13.73107993985081, 6.207390383156856, 26.503796647334887], "rotation": [0.1135706149461389, 0.4517999604003637, -0.8664000158670985, 0.1798041259495377]}, "BoneRoot/Hip/Pelvis/L_Thigh/L_Calf/L_Foot/L_ToeBase": {"location": [20.031801706856427, -1.8107581660293808, 15.216088534054988], "rotation": [0.1467228543979041, 0.3979554855212476, -0.8928707247409601, 0.1512802182753326]}, "BoneRoot/Hip/Pelvis/R_Thigh/R_Calf/R_Foot": {"location": [4.7130107701404045, 9.971889102518, 10.014515142516272], "rotation": [-0.0071086261884333, 0.2085633397560797, -0.977960925994234, 0.0065747982481257]}, "BoneRoot/Hip/Pelvis/R_Thigh/R_Calf/R_Foot/R_ToeBase": {"location": [4.863360236063247, -3.914845078685968, 3.807940542704073], "rotation": [-0.033111956039312, 0.1447174159553902, -0.9886613192812505, 0.022566870485349]}}}, {"frame": 77, "pose": "idleToWalk_L_Foot_Low", "deltaLocation": [-0.0171701, -0.162869, 0.0], "deltaRotation": [0.0, 0.0, -0.133546, 0.991043], "poseID": null, "globalTransform": {"BoneRoot/Hip/Pelvis/L_Thigh/L_Calf/L_Foot": {"location": [9.890040458091022, -34.246700373714695, 11.994693642823911], "rotation": [-0.0395615167123009, 0.113489999723842, -0.9925898354202384, 0.0178976249410048]}, "BoneRoot/Hip/Pelvis/L_Thigh/L_Calf/L_Foot/L_ToeBase": {"location": [10.294089546388534, -49.057048879492974, 8.546020376307704], "rotation": [-0.0105453233228134, 0.045974163185628, -0.9988469872096386, 0.008936924394146]}, "BoneRoot/Hip/Pelvis/R_Thigh/R_Calf/R_Foot": {"location": [-0.61758645760289, 27.019642146520095, 10.033866194711742], "rotation": [-0.0451866981308236, 0.207526554036523, -0.9678202840279316, 0.1349621780568669]}, "BoneRoot/Hip/Pelvis/R_Thigh/R_Calf/R_Foot/R_ToeBase": {"location": [3.070771787245585, 13.672578918084277, 3.7380591817698994], "rotation": [-0.0563443842883284, 0.1407248543917651, -0.9763985382622477, 0.1538431675276212]}}}, {"frame": 80, "pose": "idleToWalk_L_Foot_High2", "deltaLocation": [0.00355745, -0.0646409, 0.0], "deltaRotation": [0.0, 0.0, 0.0200733, -0.999799], "poseID": null,