{"02001_2_MOB1_Walk_F_Loop": {"frameRate": 60, "standalone": true, "isLoop": true, "secondsStart": 0.0, "secondsEnd": 2.3333333333333335, "groundBoneL": "L_MidToe1", "groundBoneR": "R_MidToe1", "moveList": ["Walk"], "criticalPoses": [{"frame": 0, "pose": "walk_R_Foot_Low", "deltaLocation": [-0.00127793, -0.0127904, 0.0], "deltaRotation": [0.0, 0.0, 0.000680609, 1.0], "poseID": -1, "globalTransform": {"BoneRoot/Hip/Pelvis/L_Thigh/L_Calf/L_Foot": {"location": [3.6244115599746944, 16.98272628087819, 11.294203453691573], "rotation": [-0.0121329055126559, 0.2561866565774003, -0.9632891058864432, 0.0793428514487047]}, "BoneRoot/Hip/Pelvis/L_Thigh/L_Calf/L_Foot/L_ToeBase": {"location": [5.855309589354745, 3.959082859178967, 3.756943967761295], "rotation": [0.0188398597739287, 0.1814041374727232, -0.9810936900607528, 0.0647516016361868]}, "BoneRoot/Hip/Pelvis/R_Thigh/R_Calf/R_Foot": {"location": [-9.048033066210648, -12.259605335264473, 16.64831889711458], "rotation": [0.010585141991741, -0.2663322731244105, 0.9630931991211936, 0.0375041980037454]}, "BoneRoot/Hip/Pelvis/R_Thigh/R_Calf/R_Foot/R_ToeBase": {"location": [-10.232832004301128, -25.270238011691507, 8.856969063558935], "rotation": [0.032734334936319, -0.1126498038111013, 0.9928753344435302, 0.0209058669096851]}}}, {"frame": 18, "pose": "walk_R_Foot_High2", "deltaLocation": [-0.00980261, -0.238059, 0.0], "deltaRotation": [0.0, 0.0, -0.00826971, 0.999966], "poseID": null, "globalTransform": {"BoneRoot/Hip/Pelvis/L_Thigh/L_Calf/L_Foot": {"location": [3.6014793012294835, 39.971539640973624, 15.262625717340136], "rotation": [0.0165213238810087, 0.3685919735474593, -0.9246663579191238, 0.0941229484567437]}, "BoneRoot/Hip/Pelvis/L_Thigh/L_Calf/L_Foot/L_ToeBase": {"location": [6.434767950297038, 29.16251075906306, 4.94081591640687], "rotation": [0.046387681810204, 0.2270265485443059, -0.9698689410347888, 0.0752420523935417]}, "BoneRoot/Hip/Pelvis/R_Thigh/R_Calf/R_Foot": {"location": [-5.259803847402862, -36.5865935926946, 14.28880769488254], "rotation": [-0.0988767547646143, -0.000331371291783, 0.994494834384041, 0.034688642863975]}, "BoneRoot/Hip/Pelvis/R_Thigh/R_Calf/R_Foot/R_ToeBase": {"location": [-6.308497376456016, -51.76132008528064, 14.174479150834092], "rotation": [-0.0706421166938574, 0.1200040115510522, 0.9895727217222072, 0.0368043065954199]}}}, {"frame": 25, "pose": "walk_R_touched_ground", "deltaLocation": [-0.00810711, -0.099617, 0.0], "deltaRotation": [0.0, 0.0, 0.00837121, 0.999965], "poseID": null, "globalTransform": {"BoneRoot/Hip/Pelvis/L_Thigh/L_Calf/L_Foot": {"location": [3.924657376106474, 47.58246030142929, 18.827150473218953], "rotation": [0.0211836971319024, 0.4804445148319982, -0.8718903231056591, 0.0923665719748174]}, "BoneRoot/Hip/Pelvis/L_Thigh/L_Calf/L_Foot/L_ToeBase": {"location": [6.684604869665069, 39.65269546043483, 6.1423635271978965], "rotation": [0.0484573989070777, 0.2591359584009516, -0.9619285610814778, 0.0720685710313331]}, "BoneRoot/Hip/Pelvis/R_Thigh/R_Calf/R_Foot": {"location": [-3.4817640141649626, -34.19035209397713, 11.550292924804774], "rotation": [-0.0806637191845116, -0.08499603670851, 0.9887989284680342, 0.0924430484765373]}, "BoneRoot/Hip/Pelvis/R_Thigh/R_Calf/R_Foot/R_ToeBase": {"location": [-6.0542283139596025, -48.9219286498528, 8.766644764878638], "rotation": [-0.046534952611022, 0.0240770628785862, 0.9946320531700064, 0.0892293227333267]}}}, {"frame": 43, "pose": "walk_L_Foot_High1", "deltaLocation": [-0.0171952, -0.239603, 0.0], "deltaRotation": [0.0, 0.0, 0.0208592, 0.999782], "poseID": null, "globalTransform": {"BoneRoot/Hip/Pelvis/L_Thigh/L_Calf/L_Foot": {"location": [6.997122358160654, 40.570142134697015, 31.21728402333437], "rotation": [-0.0078799614414151, 0.7515503624176841, -0.6327756533397414, 0.1862925964658631]}, "BoneRoot/Hip/Pelvis/L_Thigh/L_Calf/L_Foot/L_ToeBase": {"location": [10.403524733818312, 43.598281659894816, 16.70421469334481], "rotation": [0.0172839498188398, 0.7088953999267208, -0.6868258313991, 0.1594956249065461]}, "BoneRoot/Hip/Pelvis/R_Thigh/R_Calf/R_Foot": {"location": [-1.4938538372676105, -11.429899998156449, 9.710182512403062], "rotation": [-0.0179201241897855, -0.2085844625806373, 0.9684078281786396, 0.1354904773085539]}, "BoneRoot/Hip/Pelvis/R_Thigh/R_Calf/R_Foot/R_ToeBase": {"location": [-5.372070572312117, -24.759138600053845, 3.4911618004726988], "rotation": [0.017109462452154, -0.1492528113691117, 0.981230033062201, 0.1209069344982608]}}}, {"frame": 60, "pose": "walk_L_Foot_H_Together", "deltaLocation": [-0.00206256, -0.217944, 0.0], "deltaRotation": [0.0, 0.0, -0.00979003, 0.999952], "poseID": null, "globalTransform": {"BoneRoot/Hip/Pelvis/L_Thigh/L_Calf/L_Foot": {"location": [7.492746694622303, 6.917649537395992, 21.775228907713064], "rotation": [0.009616829098917, 0.4853987863708965, -0.8597014953430673, 0.1587730257085158]}, "BoneRoot/Hip/Pelvis/L_Thigh/L_Calf/L_Foot/L_ToeBase": {"location": [11.787698845301136, -0.3591049427549031, 9.125951791532987], "rotation": [0.0447037285062664, 0.3845823082600777, -0.9116737101861192, 0.1376556246088931]}, "BoneRoot/Hip/Pelvis/R_Thigh/R_Calf/R_Foot": {"location": [-1.6167204964937811, 10.118793867585063, 10.296822004457985], "rotation": [-0.0232123035540921, -0.2262890943215576, 0.9658292856426904, 0.1242104091844648]}, "BoneRoot/Hip/Pelvis/R_Thigh/R_Calf/R_Foot/R_ToeBase": {"location": [-5.106776816103358, -3.065345693248718, 3.5600877513791893], "rotation": [0.010770594514338, -0.1694786426391162, 0.9793895634649804, 0.1093483742855187]}}}, {"frame": 67, "pose": "walk_L_Foot_Low", "deltaLocation": [0.000402457, -0.0858998, 0.0], "deltaRotation": [0.0, 0.0, -0.00734396, 0.999973], "poseID": null, "globalTransform": {"BoneRoot/Hip/Pelvis/L_Thigh/L_Calf/L_Foot": {"location": [8.420915048274992, -10.371800084130989, 15.959729177903323], "rotation": [-0.0046832514774713, 0.311367596503452, -0.9346543687229084, 0.1716085604812419]}, "BoneRoot/Hip/Pelvis/L_Thigh/L_Calf/L_Foot/L_ToeBase": {"location": [13.256540306974586, -21.73816935763631, 7.081388145255941], "rotation": [0.0360347153431351, 0.193340906888225, -0.9680148857714832, 0.1557818151730168]}, "BoneRoot/Hip/Pelvis/R_Thigh/R_Calf/R_Foot": {"location": [-1.9853776076810352, 18.451965464423232, 10.936853496526716], "rotation": [-0.0232690928655337, -0.2428693974073494, 0.9627495419049248, 0.1165603907082649]}, "BoneRoot/Hip/Pelvis/R_Thigh/R_Calf/R_Foot/R_ToeBase": {"location": [-5.227610489896163, 5.448441120714316, 3.7408894852088057], "rotation": [0.0100732028775943, -0.1822607405677369, 0.9779510936407196, 0.1014456084727548]}}}, {"frame": 88, "pose": "walk_L_Foot_High2", "deltaLocation": [0.00719476, -0.298889, 0.0], "deltaRotation": [0.0, 0.0, -0.0526863, 0.998611], "poseID": null, "globalTransform": {"BoneRoot/Hip/Pelvis/L_Thigh/L_Calf/L_Foot": {"location": [12.99511586171051, -41.16437870748789, 12.137605264956193], "rotation": [-0.1037071579054092, -0.1247380114713837, -0.9734576437249348, 0.1614480404552668]}, "BoneRoot/Hip/Pelvis/L_Thigh/L_Calf/L_Foot/L_ToeBase": {"location": [18.170338987362033, -55.10979747196292, 15.32253259600239], "rotation": [-0.0609316577561802, -0.2180167122128864, -0.9598004042046044, 0.1659494813720291]}, "BoneRoot/Hip/Pelvis/R_Thigh/R_Calf/R_Foot": {"location": [-7.456076035941088, 45.69594013436384, 14.34501873662236], "rotation": [0.0134995337438452, -0.3568785886448127, 0.9313020703415538, 0.0716372063464309]}, "BoneRoot/Hip/Pelvis/R_Thigh/R_Calf/R_Foot/R_ToeBase": {"location": [-9.632487943796738, 34.515374928985665, 4.263151723309476], "rotation": [0.0396021024575452, -0.2123227709400748, 0.9749783829317454, 0.0526105240143962]}}}, {"frame": 92, "pose": "walk_L_touched_ground", "deltaLocation": [0.00413059, -0.0544565, 0.0], "deltaRotation": [0.0, 0.0, -0.0182918, 0.999833], "poseID": null, "globalTransform": {"BoneRoot/Hip/Pelvis/L_Thigh/L_Calf/L_Foot": {"location": [13.26151374878392, -40.68023740399462, 11.5309691167592],