{"02001_18_MOB1_Stand_Relaxed_To_Walk_R45_Fwd": {"frameRate": 60, "standalone": true, "isLoop": false, "secondsStart": 0.016666666666666666, "secondsEnd": 1.1666666666666667, "groundBoneL": "L_MidToe1", "groundBoneR": "R_MidToe1", "moveList": ["Transition", "Walk"], "criticalPoses": [{"frame": 1, "pose": "idleToWalk_wR_neutral_fL_aboutBendKnees", "deltaLocation": [0.0, 0.0, 0.0], "deltaRotation": [0.0, 0.0, 0.0, 1.0], "poseID": 111, "globalTransform": {"BoneRoot/Hip/Pelvis/L_Thigh/L_Calf/L_Foot": {"location": [15.614630282155352, -0.9438469614160704, 10.273904178115735], "rotation": [-0.0195072124305758, 0.1992379892486351, -0.9700258658121148, 0.1377443717863132]}, "BoneRoot/Hip/Pelvis/L_Thigh/L_Calf/L_Foot/L_ToeBase": {"location": [19.561652213982853, -14.370806831471624, 4.3123454020149], "rotation": [0.0162991401024404, 0.1367257092236437, -0.9825861543704576, 0.1247592389712606]}, "BoneRoot/Hip/Pelvis/R_Thigh/R_Calf/R_Foot": {"location": [-16.170385659734595, 0.2786978015708169, 10.17482728346419], "rotation": [-0.0414732928794683, -0.2036797002061784, 0.9431179240590152, 0.2594670056486352]}, "BoneRoot/Hip/Pelvis/R_Thigh/R_Calf/R_Foot/R_ToeBase": {"location": [-23.35823872265312, -11.62236603483091, 4.003512722720301], "rotation": [0.0006034426294864, -0.1507174607139206, 0.9573855856930256, 0.2463670497452185]}}}, {"frame": 9, "pose": "idleToWalk_wR_neutral_fL", "deltaLocation": [-0.0149112, -0.0124888, 0.0], "deltaRotation": [0.0, 0.0, -0.0850837, 0.996374], "poseID": null, "globalTransform": {"BoneRoot/Hip/Pelvis/L_Thigh/L_Calf/L_Foot": {"location": [17.054876099722453, 2.7046689963081603, 10.220964886941326], "rotation": [-0.0363883822052769, 0.1968557678533539, -0.9547885628121772, 0.2197782806066294]}, "BoneRoot/Hip/Pelvis/L_Thigh/L_Calf/L_Foot/L_ToeBase": {"location": [23.22129692129012, -9.85866988193754, 4.2593981536385], "rotation": [0.0025613473786726, 0.136314700504392, -0.9686423628004864, 0.207710651903783]}, "BoneRoot/Hip/Pelvis/R_Thigh/R_Calf/R_Foot": {"location": [-14.520087899563942, -0.9902667529517344, 10.264123694793028], "rotation": [-0.0077417531457331, -0.2039564030096879, 0.9619253590732996, 0.1817730851949321]}, "BoneRoot/Hip/Pelvis/R_Thigh/R_Calf/R_Foot/R_ToeBase": {"location": [-19.79168621461752, -13.930867522977328, 4.252747078581745], "rotation": [0.0299100848838623, -0.1478706517672325, 0.9744263003849792, 0.166532406114294]}}}, {"frame": 20, "pose": "idleToWalk_wR_lean_fL_aboutToLift", "deltaLocation": [-0.060379, -0.04888, 0.0], "deltaRotation": [0.0, 0.0, -0.119639, 0.992817], "poseID": null, "globalTransform": {"BoneRoot/Hip/Pelvis/L_Thigh/L_Calf/L_Foot": {"location": [21.12587308600156, 9.310673284071072, 11.22471232378133], "rotation": [-0.0596787261879579, 0.1910883495591335, -0.9216365671472184, 0.3324300383545986]}, "BoneRoot/Hip/Pelvis/L_Thigh/L_Calf/L_Foot/L_ToeBase": {"location": [30.100311267089342, -1.4281144140872977, 5.263149811634473], "rotation": [-0.0326484183224967, 0.1238330372659624, -0.9388673880373334, 0.3195739153036135]}, "BoneRoot/Hip/Pelvis/R_Thigh/R_Calf/R_Foot": {"location": [-9.22759405343938, 1.841674434843708, 10.31912195397399], "rotation": [0.011037449590916, -0.1979419917489613, 0.9780304727858896, 0.064447939541863]}, "BoneRoot/Hip/Pelvis/R_Thigh/R_Calf/R_Foot/R_ToeBase": {"location": [-11.21182846141069, -12.051351665692534, 4.451211498828468], "rotation": [0.0417688343357856, -0.1376135609677804, 0.988424508131844, 0.0483204308788619]}}}, {"frame": 30, "pose": "idleToWalk_L_Foot_High1", "deltaLocation": [-0.0744625, -0.0981492, 0.0], "deltaRotation": [0.0, 0.0, -0.115578, 0.993298], "poseID": null, "globalTransform": {"BoneRoot/Hip/Pelvis/L_Thigh/L_Calf/L_Foot": {"location": [13.26248982096434, 0.5268610788202883, 21.08945627957564], "rotation": [0.0426774821752696, 0.4014149176688388, -0.8799075820543518, 0.2506139330351829]}, "BoneRoot/Hip/Pelvis/L_Thigh/L_Calf/L_Foot/L_ToeBase": {"location": [20.492824242640577, -7.871903091352122, 10.669012709940109], "rotation": [0.0816746090327331, 0.3476938422065614, -0.9057847704660228, 0.2280179815777773]}, "BoneRoot/Hip/Pelvis/R_Thigh/R_Calf/R_Foot": {"location": [-4.7578218448396274, 10.876510627535124, 10.28935884215369], "rotation": [-0.0042895520478023, 0.1987817149664517, -0.978498974285996, 0.054837823256213]}, "BoneRoot/Hip/Pelvis/R_Thigh/R_Calf/R_Foot/R_ToeBase": {"location": [-3.1514749893379665, -3.041285828958621, 4.364818350858106], "rotation": [-0.0274852603564343, 0.1348789779447521, -0.987984605774935, 0.0702754617449396]}}}, {"frame": 35, "pose": "idleToWalk_L_Foot_H_Together", "deltaLocation": [-0.0155564, -0.0667087, 0.0], "deltaRotation": [0.0, 0.0, -0.0359428, 0.999354], "poseID": null, "globalTransform": {"BoneRoot/Hip/Pelvis/L_Thigh/L_Calf/L_Foot": {"location": [7.894434372631004, -14.869011617985471, 18.038461525609144], "rotation": [-0.0631378251984881, 0.3105687775348372, -0.9357433792195688, 0.1547416482284715]}, "BoneRoot/Hip/Pelvis/L_Thigh/L_Calf/L_Foot/L_ToeBase": {"location": [11.70336551947015, -26.417958350922756, 8.89974157367212], "rotation": [-0.0280104205388763, 0.2494854485494941, -0.95752938473463, 0.1418093955738266]}, "BoneRoot/Hip/Pelvis/R_Thigh/R_Calf/R_Foot": {"location": [-4.406647612598516, 17.09444810851818, 10.588400658997816], "rotation": [-0.0140260206572944, 0.21294473622515, -0.9728670027314792, 0.0893734023901435]}, "BoneRoot/Hip/Pelvis/R_Thigh/R_Calf/R_Foot/R_ToeBase": {"location": [-1.8524577515424152, 3.505557834793251, 4.247761439268501], "rotation": [-0.0446005698272317, 0.1410835173032827, -0.9835033766320176, 0.1040544975954452]}}}, {"frame": 42, "pose": "idleToWalk_L_Foot_Low", "deltaLocation": [-0.0133293, -0.122736, 0.0], "deltaRotation": [0.0, 0.0, -0.0220841, 0.999756], "poseID": null, "globalTransform": {"BoneRoot/Hip/Pelvis/L_Thigh/L_Calf/L_Foot": {"location": [4.067608025407097, -40.68066743239901, 12.941512159257252], "rotation": [-0.0974893888544773, 0.1026149222152379, -0.9872528227202412, 0.0727864055332949]}, "BoneRoot/Hip/Pelvis/L_Thigh/L_Calf/L_Foot/L_ToeBase": {"location": [5.949641098832451, -55.41101593495899, 9.64353554442851], "rotation": [-0.064640456521764, 0.0357255396733591, -0.9949466699664274, 0.0680178000116306]}, "BoneRoot/Hip/Pelvis/R_Thigh/R_Calf/R_Foot": {"location": [-4.231353619190092, 28.91621219749133, 11.307897113823476], "rotation": [-0.0263502065385563, 0.2345876842267904, -0.9655983242670344, 0.1090603557539682]}, "BoneRoot/Hip/Pelvis/R_Thigh/R_Calf/R_Foot/R_ToeBase": {"location": [-1.21578223160639, 15.740826488697785, 4.329263137010708], "rotation": [-0.0486566128206216, 0.1414966282247044, -0.98072544084995, 0.1256536823954436]}}}, {"frame": 45, "pose": "idleToWalk_L_Foot_High2", "deltaLocation": [-0.00157055, -0.0637145, 0.0], "deltaRotation": [0.0, 0.0, -0.0104145, 0.999946], "poseID": null, "globalTransform": {"BoneRoot/Hip/Pelvis/L_Thigh/L_Calf/L_Foot": {"location": [3.1603096731098645, -46.70986738286, 13.666725842412198], "rotation": [-0.0997759903209471, 0.0389418597891602, -0.9936821783594556, 0.0335262840536029]}, "BoneRoot/Hip/Pelvis/L_Thigh/L_Calf/L_Foot/L_ToeBase": {"location": [4.055842994294196, -61.84146452704904, 12.387736488503071], "rotation": [-0.0688988530061126, -0.0294486749545934, -0.996712680960096, 0.0308148537429373]}, "BoneRoot/Hip/Pelvis/R_Thigh/R_Calf/R_Foot": {"location": [-4.761059093059741, 34.91277383082458, 12.024917135392482], "rotation": [-0.0288807133162171, 0.2535322820916669, -0.9595833043554868, 0.1186893775278287]}, "BoneRoot/Hip/Pelvis/R_Thigh/R_Calf/R_Foot/R_ToeBase": {"location": [-1.5190494385333757, 22.085433166388007, 4.519297750629072], "rotation": [-0.0526973094109452, 0.1497210562251522, -0.9779463124349264, 0.1357483292663343]}}}, {"frame": 50, "pose": "idleToWalk_L_touched_ground", "deltaLocation": [-0.0120767, -0.103704, 0.0], "deltaRotation": [0.0, 0.0, -0.0343801, 0.999409], "poseID": null,