{"02001_9_MOB1_Walk_R_90": {"frameRate": 60, "standalone": true, "isLoop": false, "secondsStart": 0.016666666666666666, "secondsEnd": 1.6, "groundBoneL": "L_MidToe1", "groundBoneR": "R_MidToe1", "moveList": ["Transition", "Walk"], "criticalPoses": [{"frame": 1, "pose": "walkToWalk_L_Foot_H_Together", "deltaLocation": [0.0, 0.0, 0.0], "deltaRotation": [0.0, 0.0, 0.0, 1.0], "poseID": 113, "globalTransform": {"BoneRoot/Hip/Pelvis/L_Thigh/L_Calf/L_Foot": {"location": [7.492746694622318, 6.917649537396014, 21.77522890771306], "rotation": [0.009616829098917, 0.4853987863708964, -0.8597014953430674, 0.1587730257085159]}, "BoneRoot/Hip/Pelvis/L_Thigh/L_Calf/L_Foot/L_ToeBase": {"location": [11.78769884530116, -0.3591049427548868, 9.125951791532986], "rotation": [0.0447037285062664, 0.3845823082600777, -0.9116737101861192, 0.1376556246088932]}, "BoneRoot/Hip/Pelvis/R_Thigh/R_Calf/R_Foot": {"location": [-1.6167204964937898, 10.118793867585069, 10.296822004457974], "rotation": [-0.023212303554092, -0.2262890943215576, 0.9658292856426904, 0.1242104091844647]}, "BoneRoot/Hip/Pelvis/R_Thigh/R_Calf/R_Foot/R_ToeBase": {"location": [-5.106776816103368, -3.065345693248722, 3.5600877513791813], "rotation": [0.010770594514338, -0.1694786426391162, 0.9793895634649804, 0.1093483742855187]}}}, {"frame": 9, "pose": "walkToWalk_L_Foot_Low", "deltaLocation": [-0.0326081, -0.0875339, 0.0], "deltaRotation": [0.0, 0.0, 0.0152222, 0.999884], "poseID": null, "globalTransform": {"BoneRoot/Hip/Pelvis/L_Thigh/L_Calf/L_Foot": {"location": [4.414054497559831, -34.324055322328974, 12.02442852310822], "rotation": [-0.0425054618877193, 0.0803781959288353, -0.9946556041900906, 0.0489168721627142]}, "BoneRoot/Hip/Pelvis/L_Thigh/L_Calf/L_Foot/L_ToeBase": {"location": [5.790564182277579, -49.2666086013452, 9.528888160140196], "rotation": [-0.0115108954741579, 0.0037196112866451, -0.999068955021173, 0.0414111928125817]}, "BoneRoot/Hip/Pelvis/R_Thigh/R_Calf/R_Foot": {"location": [2.2396375269692506, 19.04257074857664, 10.141043338027796], "rotation": [-0.0273502483865895, -0.2086660025842437, 0.9677070368707124, 0.1387571766418225]}, "BoneRoot/Hip/Pelvis/R_Thigh/R_Calf/R_Foot/R_ToeBase": {"location": [-1.671957193646857, 5.741604240340511, 3.882491314771989], "rotation": [0.0077637356908595, -0.1510367429339317, 0.9806067889442488, 0.1246513223695663]}}}, {"frame": 14, "pose": "walkToWalk_L_Foot_High2", "deltaLocation": [-0.0156537, -0.0999894, 0.0], "deltaRotation": [0.0, 0.0, -0.0237774, 0.999717], "poseID": null, "globalTransform": {"BoneRoot/Hip/Pelvis/L_Thigh/L_Calf/L_Foot": {"location": [6.915675425500048, -44.78045973773414, 12.928378715640331], "rotation": [0.0034119983902431, 0.0884651118361798, 0.9927849532594174, 0.0808722377364049]}, "BoneRoot/Hip/Pelvis/L_Thigh/L_Calf/L_Foot/L_ToeBase": {"location": [4.4823290846286525, -59.555301166712326, 15.608893178260956], "rotation": [-0.0205075643365403, 0.1579043934581264, 0.9834654636355468, 0.0862631101208576]}, "BoneRoot/Hip/Pelvis/R_Thigh/R_Calf/R_Foot": {"location": [2.934759642492687, 28.944605474031754, 10.628289057789068], "rotation": [0.0204925983626758, -0.2232077659399074, 0.9666182128382752, 0.1241272622988224]}, "BoneRoot/Hip/Pelvis/R_Thigh/R_Calf/R_Foot/R_ToeBase": {"location": [-0.8547900499146355, 15.717682768521993, 4.141848542614615], "rotation": [0.0304955070277373, -0.1543857025529594, 0.9820653185777948, 0.1038402087105213]}}}, {"frame": 18, "pose": "walkToWalk_L_touched_ground", "deltaLocation": [0.0115172, -0.0727498, 0.0], "deltaRotation": [0.0, 0.0, -0.0686596, 0.99764], "poseID": null, "globalTransform": {"BoneRoot/Hip/Pelvis/L_Thigh/L_Calf/L_Foot": {"location": [12.351317355019528, -39.41159733670552, 10.62865143406541], "rotation": [0.0058659918052211, -0.0377117108822851, 0.9976942789297504, 0.0561207875329394]}, "BoneRoot/Hip/Pelvis/L_Thigh/L_Calf/L_Foot/L_ToeBase": {"location": [10.6412742928943, -54.48445689671188, 9.49405633167932], "rotation": [-0.0188136343875364, 0.0317143624331545, 0.997197346973438, 0.0650976003069802]}, "BoneRoot/Hip/Pelvis/R_Thigh/R_Calf/R_Foot": {"location": [-2.2631012935436385, 35.89735610731932, 13.65512443907005], "rotation": [0.0529993407855072, -0.2940653398046995, 0.952021479622822, 0.0661191964456716]}, "BoneRoot/Hip/Pelvis/R_Thigh/R_Calf/R_Foot/R_ToeBase": {"location": [-4.652422496635512, 23.449713975538938, 5.244793687727868], "rotation": [0.0231896221016692, -0.154142203134093, 0.986790473323735, 0.0441246461432691]}}}, {"frame": 29, "pose": "walkToWalk_R_Foot_High1", "deltaLocation": [0.0285126, -0.182813, 0.0], "deltaRotation": [0.0, 0.0, -0.137298, 0.99053], "poseID": null, "globalTransform": {"BoneRoot/Hip/Pelvis/L_Thigh/L_Calf/L_Foot": {"location": [15.226593293686657, -18.89515398040001, 10.277162763734989], "rotation": [-0.0394411373406868, 0.1983092134533181, -0.9761309754669374, 0.0792853787199436]}, "BoneRoot/Hip/Pelvis/L_Thigh/L_Calf/L_Foot/L_ToeBase": {"location": [17.343389301615975, -32.71935915365022, 4.292773614030872], "rotation": [-0.0074675604710073, 0.1335267737266621, -0.9886981790843478, 0.0677550508379684]}, "BoneRoot/Hip/Pelvis/R_Thigh/R_Calf/R_Foot": {"location": [-0.6021567181616314, 24.74611741853405, 29.96437025836309], "rotation": [0.0427164559857737, -0.617624888687875, 0.7444695897015918, 0.2499596592869517]}, "BoneRoot/Hip/Pelvis/R_Thigh/R_Calf/R_Foot/R_ToeBase": {"location": [-7.066238367912487, 23.04058382565919, 16.3008171999083], "rotation": [0.0740340543276142, -0.5767039719670721, 0.7828810002461258, 0.2214245401278816]}}}, {"frame": 40, "pose": "walkToWalk_R_Foot_H_Together", "deltaLocation": [-0.00113011, -0.13439, 0.0], "deltaRotation": [0.0, 0.0, -0.164881, 0.986314], "poseID": null, "globalTransform": {"BoneRoot/Hip/Pelvis/L_Thigh/L_Calf/L_Foot": {"location": [16.029385993411434, -0.4148050731897374, 10.040934221213089], "rotation": [-0.0475300436697463, 0.2030673003237538, -0.9469724838786554, 0.2444333881953613]}, "BoneRoot/Hip/Pelvis/L_Thigh/L_Calf/L_Foot/L_ToeBase": {"location": [22.77815986517443, -12.554355329241714, 3.837072247500618], "rotation": [-0.0052172175950623, 0.1449471846411938, -0.96157533807824, 0.2331007582674836]}, "BoneRoot/Hip/Pelvis/R_Thigh/R_Calf/R_Foot": {"location": [-0.6092030792488199, -2.237297459947043, 20.333711181527185], "rotation": [-0.100069993487172, -0.3912009486870611, 0.8706792792651153, 0.28082985384072]}, "BoneRoot/Hip/Pelvis/R_Thigh/R_Calf/R_Foot/R_ToeBase": {"location": [-6.857144092706015, -10.39348763187062, 9.116523637745471], "rotation": [-0.06057683764817, -0.3423557702199868, 0.89891482141828, 0.2665991694888953]}}}, {"frame": 56, "pose": "walkToWalk_R_touched_ground", "deltaLocation": [-0.0742952, -0.200957, 0.0], "deltaRotation": [0.0, 0.0, -0.166141, 0.986102], "poseID": null, "globalTransform": {"BoneRoot/Hip/Pelvis/L_Thigh/L_Calf/L_Foot": {"location": [16.207419431982743, 26.451210512350144, 10.128106992128872], "rotation": [-0.080771086536925, 0.2004969335555352, -0.8933454360475523, 0.3939682006297976]}, "BoneRoot/Hip/Pelvis/L_Thigh/L_Calf/L_Foot/L_ToeBase": {"location": [26.422525249247528, 17.184512104335447, 3.71074738196968], "rotation": [-0.0260126324346079, 0.1404845647349849, -0.9114477650043936, 0.3858113550603969]}, "BoneRoot/Hip/Pelvis/R_Thigh/R_Calf/R_Foot": {"location": [-7.450257012675141, -27.64813358845013, 10.291596767635026], "rotation": [-0.0298208078005452, -0.1681440922506757, 0.9327798986951904, 0.3174270691883561]}, "BoneRoot/Hip/Pelvis/R_Thigh/R_Calf/R_Foot/R_ToeBase": {"location": [-16.305703030319606, -38.93389916830143, 5.232165928318433], "rotation": [0.0157846232950273, -0.1176601533485909, 0.9450735464576334, 0.3045372321530024]}}}, {"frame": 71, "pose": "walkToWalk_L_Foot_High1", "deltaLocation": [-0.109009, -0.247685, 0.0], "deltaRotation": [0.0, 0.0, -0.161775, 0.986828], "poseID": null, "globalTransform": {"BoneRoot/Hip/Pelvis/L_Thigh/L_Calf/L_Foot": {"location": [14.974009789742738, 20.55315689346918, 29.513454081792695],