{"02001_5_MOB1_Walk_L_180": {"frameRate": 60, "standalone": true, "isLoop": false, "secondsStart": 0.016666666666666666, "secondsEnd": 1.8333333333333333, "groundBoneL": "L_MidToe1", "groundBoneR": "R_MidToe1", "moveList": ["Transition", "Walk"], "criticalPoses": [{"frame": 1, "pose": "walkToWalk_R_Foot_H_Together", "deltaLocation": [0.0, 0.0, 0.0], "deltaRotation": [0.0, 0.0, 0.0, 1.0], "poseID": 118, "globalTransform": {"BoneRoot/Hip/Pelvis/L_Thigh/L_Calf/L_Foot": {"location": [3.854567141776519, 7.689487192784714, 10.200672089414727], "rotation": [-0.0189669107932524, 0.2233776690583233, -0.9706305686083174, 0.0872867260476957]}, "BoneRoot/Hip/Pelvis/L_Thigh/L_Calf/L_Foot/L_ToeBase": {"location": [6.303445068644838, -5.7725626342182, 3.5539431899466853], "rotation": [0.0133063664695644, 0.1667681620659477, -0.9831715136044956, 0.0733832104037995]}, "BoneRoot/Hip/Pelvis/R_Thigh/R_Calf/R_Foot": {"location": [-10.15366245333497, 5.961553347025024, 22.581638212226657], "rotation": [0.0454015905092518, -0.4417528147650467, 0.8944101438825243, 0.0531379407432285]}, "BoneRoot/Hip/Pelvis/R_Thigh/R_Calf/R_Foot/R_ToeBase": {"location": [-12.209889380650552, -3.2271224675925914, 10.634877615419772], "rotation": [0.0667037112441912, -0.3008019569561627, 0.9509357011316604, 0.0281085380415307]}}}, {"frame": 8, "pose": "walkToWalk_R_Foot_Low", "deltaLocation": [0.035104, -0.100574, 0.0], "deltaRotation": [0.0, 0.0, 0.0202788, 0.999794], "poseID": null, "globalTransform": {"BoneRoot/Hip/Pelvis/L_Thigh/L_Calf/L_Foot": {"location": [0.7724696944603084, 17.825486093808397, 10.079574284654464], "rotation": [0.0073232302117182, 0.2141540584157315, -0.9740892099620092, 0.0723506779437914]}, "BoneRoot/Hip/Pelvis/L_Thigh/L_Calf/L_Foot/L_ToeBase": {"location": [2.964501228341641, 4.16809698052138, 3.749195167701315], "rotation": [0.0294007268276852, 0.1492615576987097, -0.9867705938866492, 0.0560390907844559]}, "BoneRoot/Hip/Pelvis/R_Thigh/R_Calf/R_Foot": {"location": [-9.74939030606107, -30.63755508306657, 11.386062534156997], "rotation": [-0.0308793478897116, 0.0982097883047566, -0.9921984556674552, 0.0703102263270309]}, "BoneRoot/Hip/Pelvis/R_Thigh/R_Calf/R_Foot/R_ToeBase": {"location": [-7.719465407016745, -45.40512339575021, 8.355613135332147], "rotation": [-0.0497220351573829, 0.0065662575899252, -0.9951174792738534, 0.0850047406014668]}}}, {"frame": 12, "pose": "walkToWalk_R_Foot_High2", "deltaLocation": [0.00613674, -0.0639236, 0.0], "deltaRotation": [0.0, 0.0, 0.0537409, 0.998555], "poseID": null, "globalTransform": {"BoneRoot/Hip/Pelvis/L_Thigh/L_Calf/L_Foot": {"location": [2.7181901270683855, 23.872008725089803, 10.78809901644022], "rotation": [0.0224680521121755, 0.2275077808762304, -0.9733083825512322, 0.020154124405737]}, "BoneRoot/Hip/Pelvis/L_Thigh/L_Calf/L_Foot/L_ToeBase": {"location": [3.470664652199859, 10.247153443604471, 4.06504687289003], "rotation": [0.0279122349390509, 0.1397542578623207, -0.9897911825562632, 0.0017519942732162]}, "BoneRoot/Hip/Pelvis/R_Thigh/R_Calf/R_Foot": {"location": [-13.167140075409854, -41.710975313919974, 12.47499442890374], "rotation": [-0.0672103780196662, -0.0367428208782857, -0.9723344159609564, 0.2206773974339592]}, "BoneRoot/Hip/Pelvis/R_Thigh/R_Calf/R_Foot/R_ToeBase": {"location": [-6.564269915800834, -55.39979047027718, 13.110767822959671], "rotation": [-0.0818593515472517, -0.1039294032001234, -0.9634914842225109, 0.2327700271629342]}}}, {"frame": 16, "pose": "walkToWalk_R_touched_ground", "deltaLocation": [-0.0284461, -0.0712809, 0.0], "deltaRotation": [0.0, 0.0, 0.100798, 0.994907], "poseID": null, "globalTransform": {"BoneRoot/Hip/Pelvis/L_Thigh/L_Calf/L_Foot": {"location": [11.155531203803989, 29.423013985366463, 12.239806518561664], "rotation": [-0.0500905677860773, -0.2576515832497159, 0.9623643820867456, 0.0704371546740735]}, "BoneRoot/Hip/Pelvis/L_Thigh/L_Calf/L_Foot/L_ToeBase": {"location": [9.486014200236548, 16.381638174648682, 4.588814721681924], "rotation": [-0.0406407141685316, -0.1311892258397782, 0.9863567371477476, 0.0907640152190315]}, "BoneRoot/Hip/Pelvis/R_Thigh/R_Calf/R_Foot": {"location": [-18.472552995886165, -35.694404192811184, 10.197420439333325], "rotation": [-0.0205636209928078, 0.104369736633223, -0.9829236055181954, 0.1501508617420729]}, "BoneRoot/Hip/Pelvis/R_Thigh/R_Calf/R_Foot/R_ToeBase": {"location": [-14.048000879313012, -49.8885571987741, 6.982578516145876], "rotation": [-0.038725494458127, 0.0377710235328098, -0.9850258919523336, 0.1636999634812641]}}}, {"frame": 24, "pose": "walkToWalk_L_Foot_High1", "deltaLocation": [-0.0850451, -0.0937236, 0.0], "deltaRotation": [0.0, 0.0, 0.19421, 0.98096], "poseID": null, "globalTransform": {"BoneRoot/Hip/Pelvis/L_Thigh/L_Calf/L_Foot": {"location": [15.86800916252134, 29.922623272558432, 17.694192575677263], "rotation": [0.118148481224868, 0.3818266816843323, -0.912958821734778, 0.0821919178194223]}, "BoneRoot/Hip/Pelvis/L_Thigh/L_Calf/L_Foot/L_ToeBase": {"location": [19.523579871805534, 19.35171703395511, 7.384231097603975], "rotation": [0.0235219042238056, 0.2554939380183977, -0.9644080121687636, 0.0639277226423038]}, "BoneRoot/Hip/Pelvis/R_Thigh/R_Calf/R_Foot": {"location": [-19.447307652563005, -21.510795617957424, 10.131434660780208], "rotation": [-0.0140182525966009, -0.2086603413970286, 0.9770477524033658, 0.04052209330408]}, "BoneRoot/Hip/Pelvis/R_Thigh/R_Calf/R_Foot/R_ToeBase": {"location": [-20.56298432382302, -35.34765394324194, 3.911920951552012], "rotation": [0.0151009584692582, -0.1474105616476763, 0.988626460954534, 0.0256867294247348]}}}, {"frame": 43, "pose": "walkToWalk_L_Foot_H_Together", "deltaLocation": [-0.0893968, -0.0802157, 0.0], "deltaRotation": [0.0, 0.0, 0.522603, 0.852576], "poseID": null, "globalTransform": {"BoneRoot/Hip/Pelvis/L_Thigh/L_Calf/L_Foot": {"location": [8.783335222623974, 0.3122729546407088, 13.52747392187828], "rotation": [-0.0552662490110326, 0.2233087920577521, -0.8605093764484923, 0.4545354091313295]}, "BoneRoot/Hip/Pelvis/L_Thigh/L_Calf/L_Foot/L_ToeBase": {"location": [20.307715596090855, -7.096760836969835, 6.9170790154946635], "rotation": [-0.0013852674551067, 0.1769623695703365, -0.8787160021135973, 0.4433289844118314]}, "BoneRoot/Hip/Pelvis/R_Thigh/R_Calf/R_Foot": {"location": [-16.91134923695526, 2.9457624697130234, 10.911247864812712], "rotation": [-0.1154922838291295, -0.1947931411061819, 0.8066088598437599, 0.545984717529226]}, "BoneRoot/Hip/Pelvis/R_Thigh/R_Calf/R_Foot/R_ToeBase": {"location": [-29.62508506510437, -2.042101095841673, 4.2128864269397965], "rotation": [-0.0510383833089233, -0.1317807814238863, 0.8293431609304744, 0.5405726875216419]}}}, {"frame": 51, "pose": "walkToWalk_L_touched_ground", "deltaLocation": [0.0333698, -0.0175963, 0.0], "deltaRotation": [0.0, 0.0, 0.167543, 0.985865], "poseID": null, "globalTransform": {"BoneRoot/Hip/Pelvis/L_Thigh/L_Calf/L_Foot": {"location": [3.109047557355731, -7.3200699780662175, 10.253239801190633], "rotation": [-0.0766001756470072, 0.1977312632931858, -0.870484975152872, 0.4441741422465204]}, "BoneRoot/Hip/Pelvis/L_Thigh/L_Calf/L_Foot/L_ToeBase": {"location": [14.41164067169223, -15.340034736216287, 3.9815666873185296], "rotation": [-0.0246361861391552, 0.1484340731665629, -0.8878129891997573, 0.4349120376166794]}, "BoneRoot/Hip/Pelvis/R_Thigh/R_Calf/R_Foot": {"location": [-17.885427930772522, 10.65667975579082, 11.47728183277777], "rotation": [-0.145172253867671, -0.1883701964526608, 0.7026099118558425, 0.6706571386016045]}, "BoneRoot/Hip/Pelvis/R_Thigh/R_Calf/R_Foot/R_ToeBase": {"location": [-31.389038434083975, 10.20853789216726, 4.4889136600162125], "rotation": [-0.071797725934454, -0.1200667474478118, 0.7293712617604262, 0.6696615751451986]}}}, {"frame": 66, "pose": "walkToWalk_R_Foot_High1", "deltaLocation": [0.114151, -0.0920319, 0.0], "deltaRotation": [0.0, 0.0, 0.265337, 0.964156], "poseID": null,