{"02001_30_MOB1_Stand_Relaxed_R_45": {"frameRate": 60, "standalone": true, "isLoop": false, "secondsStart": 0.016666666666666666, "secondsEnd": 1.8666666666666667, "groundBoneL": "L_MidToe1", "groundBoneR": "R_MidToe1", "moveList": ["Idle"], "criticalPoses": [{"frame": 1, "pose": "wL_neutral_to_wlean_fL", "deltaLocation": [0.0, 0.0, 0.0], "deltaRotation": [0.0, 0.0, 0.0, 1.0], "poseID": 111, "globalTransform": {"BoneRoot/Hip/Pelvis/L_Thigh/L_Calf/L_Foot": {"location": [15.614630282155332, -0.9438469614160704, 10.273904178115735], "rotation": [-0.0195072124305758, 0.1992379892486351, -0.9700258658121148, 0.1377443717863134]}, "BoneRoot/Hip/Pelvis/L_Thigh/L_Calf/L_Foot/L_ToeBase": {"location": [19.561652213982835, -14.370806831471624, 4.3123454020148975], "rotation": [0.0162991401024404, 0.1367257092236438, -0.9825861543704576, 0.1247592389712608]}, "BoneRoot/Hip/Pelvis/R_Thigh/R_Calf/R_Foot": {"location": [-16.170385659734595, 0.2786978015708169, 10.17482728346419], "rotation": [-0.0414732928794682, -0.2036797002061785, 0.9431179240590152, 0.2594670056486352]}, "BoneRoot/Hip/Pelvis/R_Thigh/R_Calf/R_Foot/R_ToeBase": {"location": [-23.358238722653123, -11.62236603483091, 4.0035127227202985], "rotation": [0.0006034426294865, -0.1507174607139207, 0.9573855856930256, 0.2463670497452186]}}}, {"frame": 18, "pose": "aR_q1_fR", "deltaLocation": [0.0280229, 0.0149483, 0.0], "deltaRotation": [0.0, 0.0, -0.0773021, 0.997008], "poseID": null, "globalTransform": {"BoneRoot/Hip/Pelvis/L_Thigh/L_Calf/L_Foot": {"location": [12.967235819428916, -0.4271614827659071, 10.261537625004966], "rotation": [-0.0294709303793981, 0.1953173715748936, -0.9567841703754336, 0.2134165877869871]}, "BoneRoot/Hip/Pelvis/L_Thigh/L_Calf/L_Foot/L_ToeBase": {"location": [19.004619627330605, -13.092710658962806, 4.3847629617749035], "rotation": [0.0111445033683704, 0.1358207741570508, -0.9700400503339314, 0.201123887443028]}, "BoneRoot/Hip/Pelvis/R_Thigh/R_Calf/R_Foot": {"location": [-18.75978920862074, -4.086090630411159, 10.21985910927976], "rotation": [-0.039006471361161, -0.2076034937035301, 0.9604052947376152, 0.1816616482199634]}, "BoneRoot/Hip/Pelvis/R_Thigh/R_Calf/R_Foot/R_ToeBase": {"location": [-23.821404572263013, -16.982259440786546, 3.9385776002406767], "rotation": [0.0111668715013199, -0.1472294452623541, 0.9742666657671402, 0.1703034215850993]}}}, {"frame": 33, "pose": "aR_q3_fR", "deltaLocation": [0.0471078, 0.0182661, 0.0], "deltaRotation": [0.0, 0.0, -0.17146, 0.985191], "poseID": null, "globalTransform": {"BoneRoot/Hip/Pelvis/L_Thigh/L_Calf/L_Foot": {"location": [8.675315857481472, 0.6586861130887867, 9.99684588024197], "rotation": [-0.0730213238835806, 0.1925193456779154, -0.9050664280748214, 0.372100723689058]}, "BoneRoot/Hip/Pelvis/L_Thigh/L_Calf/L_Foot/L_ToeBase": {"location": [18.49376906301286, -9.213067287976994, 3.8691319540906894], "rotation": [-0.0229977739476103, 0.1407664553502002, -0.920870827522958, 0.3628399460626921]}, "BoneRoot/Hip/Pelvis/R_Thigh/R_Calf/R_Foot": {"location": [-14.050496169141754, -5.332698600908666, 12.338538448522405], "rotation": [-0.0494946746557051, -0.1741892806221946, 0.9338628930950972, 0.3083966092503339]}, "BoneRoot/Hip/Pelvis/R_Thigh/R_Calf/R_Foot/R_ToeBase": {"location": [-22.55011083532766, -16.72745198744714, 6.925412056213694], "rotation": [-0.0035704174513111, -0.1236435142046023, 0.9468749516555331, 0.2968625261660549]}}}, {"frame": 47, "pose": "aL_q1_fR", "deltaLocation": [-0.021326, -0.0128647, 0.0], "deltaRotation": [0.0, 0.0, -0.086589, 0.996244], "poseID": null, "globalTransform": {"BoneRoot/Hip/Pelvis/L_Thigh/L_Calf/L_Foot": {"location": [10.209969873530069, 3.497174368382326, 10.624875715588766], "rotation": [-0.0713565913289424, 0.1980774804813828, -0.8665747783058552, 0.4524618240296298]}, "BoneRoot/Hip/Pelvis/L_Thigh/L_Calf/L_Foot/L_ToeBase": {"location": [21.70902546744983, -4.292542313298714, 4.420474369479884], "rotation": [-0.0170488041002577, 0.1512604622260477, -0.883490090179039, 0.4430291992649549]}, "BoneRoot/Hip/Pelvis/R_Thigh/R_Calf/R_Foot": {"location": [-9.810989649551557, -2.9328042938022656, 10.20760273859654], "rotation": [-0.0571368246668329, -0.1970602908435969, 0.9297504218872958, 0.3057233684886127]}, "BoneRoot/Hip/Pelvis/R_Thigh/R_Calf/R_Foot/R_ToeBase": {"location": [-18.116151322211252, -14.119190133783036, 4.1023129951605295], "rotation": [-0.0109181034682332, -0.1470526945499358, 0.9443040692619435, 0.2941872274888811]}}}, {"frame": 64, "pose": "aL_q3_fR", "deltaLocation": [-0.0219532, -0.00833917, 0.0], "deltaRotation": [0.0, 0.0, -0.051621, 0.998667], "poseID": null, "globalTransform": {"BoneRoot/Hip/Pelvis/L_Thigh/L_Calf/L_Foot": {"location": [19.37765563771865, 1.0029452160478731, 18.05887175911249], "rotation": [-0.0215660148558656, 0.3092946477377916, -0.9066292300078151, 0.2861733166796443]}, "BoneRoot/Hip/Pelvis/L_Thigh/L_Calf/L_Foot/L_ToeBase": {"location": [27.068429104186187, -8.806920836187848, 9.339867510538712], "rotation": [0.0217991762098487, 0.2552013298734503, -0.9280938661076488, 0.2702570125653575]}, "BoneRoot/Hip/Pelvis/R_Thigh/R_Calf/R_Foot": {"location": [-7.408557613345859, -2.886921867767683, 10.130273194383635], "rotation": [-0.0501842900181695, -0.2019311823542729, 0.9438791038235416, 0.2565103740468316]}, "BoneRoot/Hip/Pelvis/R_Thigh/R_Calf/R_Foot/R_ToeBase": {"location": [-14.466209298238734, -14.855976284854616, 3.9401892989210823], "rotation": [-0.0096739514347432, -0.1474039420559535, 0.9584256077362308, 0.2441287507964595]}}}, {"frame": 84, "pose": "wR_neutral_to_wlean_fL", "deltaLocation": [0.0570431, -0.0242768, 0.0], "deltaRotation": [0.0, 0.0, 0.00699986, 0.999976], "poseID": null, "globalTransform": {"BoneRoot/Hip/Pelvis/L_Thigh/L_Calf/L_Foot": {"location": [18.747291566384508, -1.7910248596822118, 10.347956885549957], "rotation": [-0.0193613009325875, 0.1994883129005805, -0.970588325303514, 0.1333711206626006]}, "BoneRoot/Hip/Pelvis/L_Thigh/L_Calf/L_Foot/L_ToeBase": {"location": [22.56826729796063, -15.251018399801586, 4.378772360528476], "rotation": [0.016375206384432, 0.1368965957055657, -0.983105045617254, 0.1203978570489979]}, "BoneRoot/Hip/Pelvis/R_Thigh/R_Calf/R_Foot": {"location": [-12.983339364539129, -0.4181948180000745, 10.25121943537602], "rotation": [-0.0390904064081609, -0.2092779177640483, 0.9401733747489088, 0.2659863129494396]}, "BoneRoot/Hip/Pelvis/R_Thigh/R_Calf/R_Foot/R_ToeBase": {"location": [-20.342528092446887, -12.144702870346435, 3.9490795099973512], "rotation": [-0.0043706423161386, -0.1479534177868058, 0.9564044630704764, 0.2517562048288408]}}}, {"frame": 94, "pose": "wL_neutral_to_wlean_fL", "deltaLocation": [0.030625, -0.00891504, 0.0], "deltaRotation": [0.0, 0.0, 0.00297142, 0.999996], "poseID": null, "globalTransform": {"BoneRoot/Hip/Pelvis/L_Thigh/L_Calf/L_Foot": {"location": [15.747452654895296, -1.0830525892427545, 10.263285828274135], "rotation": [-0.0226097278592755, 0.2022895400722423, -0.9704141134889852, 0.1298621982136334]}, "BoneRoot/Hip/Pelvis/L_Thigh/L_Calf/L_Foot/L_ToeBase": {"location": [19.44248146094556, -14.536915221469377, 4.2017004790138825], "rotation": [0.0128425263619636, 0.1395615969499443, -0.9831888051254752, 0.1170359075214274]}, "BoneRoot/Hip/Pelvis/R_Thigh/R_Calf/R_Foot": {"location": [-16.048543408870312, 0.5915620455014272, 10.280777433944031], "rotation": [-0.0416960268331946, -0.2088867231191705, 0.9395527769967674, 0.2680827437350699]}, "BoneRoot/Hip/Pelvis/R_Thigh/R_Calf/R_Foot/R_ToeBase": {"location": [-23.44654086511821, -11.105866478325504, 3.970025408987521], "rotation": [-0.0048845845341251, -0.152576667689126, 0.9550275553067348, 0.25420241917742]}}}, {"frame": 112, "pose": "wL_neutral_to_wlean_fL", "deltaLocation": [0.000881927, 0.0011197, 0.0], "deltaRotation": [0.0, 0.0, -0.00714543, 0.999974], "poseID": 111, "globalTransform": {"BoneRoot/Hip/Pelvis/L_Thigh/L_Calf/L_Foot": {"location": [15.614630282155332, -0.9438469614160708, 10.273904178115735],