{"02001_8_MOB1_Walk_R_180": {"frameRate": 60, "standalone": true, "isLoop": false, "secondsStart": 0.016666666666666666, "secondsEnd": 1.8333333333333333, "groundBoneL": "L_MidToe1", "groundBoneR": "R_MidToe1", "moveList": ["Transition", "Walk"], "criticalPoses": [{"frame": 1, "pose": "walkToWalk_L_Foot_H_Together", "deltaLocation": [0.0, 0.0, 0.0], "deltaRotation": [0.0, 0.0, 0.0, 1.0], "poseID": 113, "globalTransform": {"BoneRoot/Hip/Pelvis/L_Thigh/L_Calf/L_Foot": {"location": [7.492746694622308, 6.917649537396007, 21.775228907713053], "rotation": [0.0096168290989169, 0.4853987863708965, -0.8597014953430674, 0.1587730257085157]}, "BoneRoot/Hip/Pelvis/L_Thigh/L_Calf/L_Foot/L_ToeBase": {"location": [11.787698845301142, -0.3591049427548939, 9.125951791532982], "rotation": [0.0447037285062663, 0.3845823082600776, -0.9116737101861192, 0.137655624608893]}, "BoneRoot/Hip/Pelvis/R_Thigh/R_Calf/R_Foot": {"location": [-1.616720496493799, 10.118793867585069, 10.29682200445796], "rotation": [-0.0232123035540921, -0.2262890943215575, 0.9658292856426904, 0.1242104091844647]}, "BoneRoot/Hip/Pelvis/R_Thigh/R_Calf/R_Foot/R_ToeBase": {"location": [-5.106776816103373, -3.065345693248722, 3.560087751379169], "rotation": [0.010770594514338, -0.1694786426391161, 0.9793895634649804, 0.1093483742855186]}}}, {"frame": 8, "pose": "walkToWalk_L_Foot_Low", "deltaLocation": [-0.0325059, -0.0782212, 0.0], "deltaRotation": [0.0, 0.0, -0.0470006, 0.998895], "poseID": null, "globalTransform": {"BoneRoot/Hip/Pelvis/L_Thigh/L_Calf/L_Foot": {"location": [9.189665265925488, -30.183080132778603, 10.872521877054645], "rotation": [-0.011135931315085, -0.1130044559384654, 0.99272791400087, 0.0399658946512936]}, "BoneRoot/Hip/Pelvis/L_Thigh/L_Calf/L_Foot/L_ToeBase": {"location": [8.021037565152927, -44.95791591999262, 7.446025439014888], "rotation": [-0.0340115070959881, -0.0293738906724851, 0.9976238444310273, 0.0522212308786205]}, "BoneRoot/Hip/Pelvis/R_Thigh/R_Calf/R_Foot": {"location": [0.1727750257602851, 18.175206980084493, 10.382904486130704], "rotation": [0.0041245085431123, -0.2138306629833211, 0.9733796301297396, 0.082410749577241]}, "BoneRoot/Hip/Pelvis/R_Thigh/R_Calf/R_Foot/R_ToeBase": {"location": [-2.29463789767161, 4.561469435655425, 4.061187533971013], "rotation": [0.0265551944153656, -0.1518893784800558, 0.9858985242901528, 0.0650272108966971]}}}, {"frame": 12, "pose": "walkToWalk_L_Foot_High2", "deltaLocation": [-0.000461586, -0.0605427, 0.0], "deltaRotation": [0.0, 0.0, -0.0634484, 0.997985], "poseID": null, "globalTransform": {"BoneRoot/Hip/Pelvis/L_Thigh/L_Calf/L_Foot": {"location": [13.097885711022498, -41.691250217950994, 12.462651921556503], "rotation": [-0.0675293634456851, 0.0364856132714069, 0.9721573875613092, 0.2214014428742517]}, "BoneRoot/Hip/Pelvis/L_Thigh/L_Calf/L_Foot/L_ToeBase": {"location": [6.474718958099391, -55.371406874965125, 13.087013788095655], "rotation": [-0.0806950629669725, 0.1081319726125111, 0.9631790880191768, 0.2325549993318368]}, "BoneRoot/Hip/Pelvis/R_Thigh/R_Calf/R_Foot": {"location": [-2.799125943334034, 23.874615251091523, 10.782519429900091], "rotation": [0.0224154528755337, -0.2270956947975858, 0.9733888634831316, 0.0209574169163128]}, "BoneRoot/Hip/Pelvis/R_Thigh/R_Calf/R_Foot/R_ToeBase": {"location": [-3.574764441858486, 10.245520079362848, 4.071861658303474], "rotation": [0.0279145694384675, -0.143921794991592, 0.98919445956384, 0.001270790173653]}}}, {"frame": 16, "pose": "walkToWalk_L_touched_ground", "deltaLocation": [0.0274551, -0.0713058, 0.0], "deltaRotation": [0.0, 0.0, -0.100786, 0.994908], "poseID": null, "globalTransform": {"BoneRoot/Hip/Pelvis/L_Thigh/L_Calf/L_Foot": {"location": [18.491306620429924, -35.71508726163177, 10.206725879631868], "rotation": [-0.0207538145088823, -0.1045940871221662, 0.9827727355163384, 0.1509539878510837]}, "BoneRoot/Hip/Pelvis/L_Thigh/L_Calf/L_Foot/L_ToeBase": {"location": [14.044016535437525, -49.900974987108896, 6.98415019408952], "rotation": [-0.037938685673758, -0.0334759747337792, 0.9852788786049296, 0.1632958867209578]}, "BoneRoot/Hip/Pelvis/R_Thigh/R_Calf/R_Foot": {"location": [-11.13462774720234, 29.428334944654893, 12.246604711555394], "rotation": [-0.0500875219757109, 0.2575497416965968, -0.962451113682094, 0.0696220113645514]}, "BoneRoot/Hip/Pelvis/R_Thigh/R_Calf/R_Foot/R_ToeBase": {"location": [-9.48867253938764, 16.382362808532935, 4.599452045436594], "rotation": [-0.0410899311283751, 0.1356563822656897, -0.9856959947168746, 0.091172197020591]}}}, {"frame": 24, "pose": "walkToWalk_R_Foot_High1", "deltaLocation": [0.0873727, -0.0946511, 0.0], "deltaRotation": [0.0, 0.0, -0.194234, 0.980955], "poseID": null, "globalTransform": {"BoneRoot/Hip/Pelvis/L_Thigh/L_Calf/L_Foot": {"location": [19.2173766124037, -21.526070264245636, 10.127318218206176], "rotation": [-0.0134820321089623, 0.208864541217665, -0.9770409221988204, 0.0398104833056055]}, "BoneRoot/Hip/Pelvis/L_Thigh/L_Calf/L_Foot/L_ToeBase": {"location": [20.31525154709576, -35.362570718302095, 3.9024969064304647], "rotation": [0.0156869735022824, 0.1430643094145177, -0.9892396960200388, 0.0262934602566361]}, "BoneRoot/Hip/Pelvis/R_Thigh/R_Calf/R_Foot": {"location": [-16.092596249737667, 29.9188240585312, 17.70667531456921], "rotation": [0.1182711177718447, -0.3814751442811435, 0.9130199945519228, 0.082964730729908]}, "BoneRoot/Hip/Pelvis/R_Thigh/R_Calf/R_Foot/R_ToeBase": {"location": [-19.76980608363883, 19.34401767999119, 7.40922672414342], "rotation": [0.0232180664740496, -0.2608385184210035, 0.9630191231898436, 0.0633905124431686]}}}, {"frame": 42, "pose": "walkToWalk_R_Foot_H_Together", "deltaLocation": [0.088058, -0.0796567, 0.0], "deltaRotation": [0.0, 0.0, -0.502968, 0.864305], "poseID": null, "globalTransform": {"BoneRoot/Hip/Pelvis/L_Thigh/L_Calf/L_Foot": {"location": [17.067409654247484, 2.0554606288368245, 10.95644915817808], "rotation": [-0.1124632054663952, 0.1984156156317541, -0.8190838289883953, 0.5263885940817912]}, "BoneRoot/Hip/Pelvis/L_Thigh/L_Calf/L_Foot/L_ToeBase": {"location": [29.506047727417855, -3.528588608740769, 4.210999320108797], "rotation": [-0.0457911630745781, 0.1294711910196012, -0.8417128899966437, 0.5221683549332928]}, "BoneRoot/Hip/Pelvis/R_Thigh/R_Calf/R_Foot": {"location": [-9.235166114699284, 2.039565728267406, 14.12374270011497], "rotation": [-0.0456638522055546, -0.2373932853943483, 0.8642237604261903, 0.4412216365572313]}, "BoneRoot/Hip/Pelvis/R_Thigh/R_Calf/R_Foot/R_ToeBase": {"location": [-20.506115388033844, -5.534620156537508, 7.26933024494239], "rotation": [0.0052532220415962, -0.1945764590756605, 0.8827274716204461, 0.4276734923727843]}}}, {"frame": 51, "pose": "walkToWalk_R_touched_ground", "deltaLocation": [-0.0353194, -0.0192625, 0.0], "deltaRotation": [0.0, 0.0, -0.190184, 0.981748], "poseID": null, "globalTransform": {"BoneRoot/Hip/Pelvis/L_Thigh/L_Calf/L_Foot": {"location": [17.960081654591846, 10.93242838044928, 11.552590928984454], "rotation": [-0.1465110546474696, 0.1901151408389851, -0.7026897012655228, 0.6697894652987828]}, "BoneRoot/Hip/Pelvis/L_Thigh/L_Calf/L_Foot/L_ToeBase": {"location": [31.431809781882727, 10.468979221123949, 4.502749816882029], "rotation": [-0.0701153536579534, 0.1184133309119842, -0.7292260067162305, 0.6702921388263845]}, "BoneRoot/Hip/Pelvis/R_Thigh/R_Calf/R_Foot": {"location": [-2.9837782448118153, -7.568351110839069, 10.268789844002429], "rotation": [-0.0766371081650663, -0.1977637410831221, 0.8701870180824451, 0.4447367872412693]}, "BoneRoot/Hip/Pelvis/R_Thigh/R_Calf/R_Foot/R_ToeBase": {"location": [-14.296535021832828, -15.57242500235397, 3.9964734684631655], "rotation": [-0.0266587321941046, -0.152602973971357, 0.8874825525011263, 0.4340234594339183]}}}, {"frame": 66, "pose": "walkToWalk_L_Foot_High1", "deltaLocation": [-0.112278, -0.0918389, 0.0], "deltaRotation": [0.0, 0.0, -0.265216, 0.964189], "poseID": null,