{"02001_15_MOB1_Stand_Relaxed_To_Walk_L180_Fwd": {"frameRate": 60, "standalone": true, "isLoop": false, "secondsStart": 0.016666666666666666, "secondsEnd": 1.7333333333333334, "groundBoneL": "L_MidToe1", "groundBoneR": "R_MidToe1", "moveList": ["Transition", "Walk"], "criticalPoses": [{"frame": 1, "pose": "idleToWalk_wL_neutral_fL_aboutBendKnees", "deltaLocation": [0.0, 0.0, 0.0], "deltaRotation": [0.0, 0.0, 0.0, 1.0], "poseID": 111, "globalTransform": {"BoneRoot/Hip/Pelvis/L_Thigh/L_Calf/L_Foot": {"location": [15.614630282155323, -0.9438469614160888, 10.273904178115709], "rotation": [-0.0195072124305759, 0.199237989248635, -0.9700258658121148, 0.1377443717863132]}, "BoneRoot/Hip/Pelvis/L_Thigh/L_Calf/L_Foot/L_ToeBase": {"location": [19.561652213982825, -14.370806831471649, 4.312345402014871], "rotation": [0.0162991401024403, 0.1367257092236437, -0.9825861543704576, 0.1247592389712607]}, "BoneRoot/Hip/Pelvis/R_Thigh/R_Calf/R_Foot": {"location": [-16.1703856597346, 0.2786978015708125, 10.17482728346421], "rotation": [-0.0414732928794682, -0.2036797002061783, 0.9431179240590152, 0.2594670056486352]}, "BoneRoot/Hip/Pelvis/R_Thigh/R_Calf/R_Foot/R_ToeBase": {"location": [-23.358238722653127, -11.622366034830913, 4.003512722720326], "rotation": [0.0006034426294865, -0.1507174607139206, 0.9573855856930256, 0.2463670497452186]}}}, {"frame": 12, "pose": "idleToWalk_wL_neutral_fL", "deltaLocation": [-0.0173118, 0.0254576, 0.0], "deltaRotation": [0.0, 0.0, 0.0401488, 0.999194], "poseID": null, "globalTransform": {"BoneRoot/Hip/Pelvis/L_Thigh/L_Calf/L_Foot": {"location": [17.14773290001981, -5.2561046886474845, 11.316814079347497], "rotation": [-0.0194674133487703, 0.230162087204389, -0.9681159503997794, 0.0969429729931951]}, "BoneRoot/Hip/Pelvis/L_Thigh/L_Calf/L_Foot/L_ToeBase": {"location": [19.86691988809649, -18.57041615746207, 4.480327216492196], "rotation": [0.0213483962894532, 0.1411724333634866, -0.9860995695246596, 0.0849836985390825]}, "BoneRoot/Hip/Pelvis/R_Thigh/R_Calf/R_Foot": {"location": [-14.727579497665284, -0.7500962838355407, 10.635573649416711], "rotation": [-0.0510716820899399, -0.2078660696508634, 0.930214116378588, 0.2981360059878872]}, "BoneRoot/Hip/Pelvis/R_Thigh/R_Calf/R_Foot/R_ToeBase": {"location": [-22.841904367652266, -11.942753194009226, 4.289900942627746], "rotation": [-0.0023808106486971, -0.1602271097818226, 0.9447118425426172, 0.2860789044850256]}}}, {"frame": 21, "pose": "idleToWalk_wR_lean_fL_aboutToLift", "deltaLocation": [-0.0538515, 0.0634807, 0.0], "deltaRotation": [0.0, 0.0, 0.162376, 0.986729], "poseID": null, "globalTransform": {"BoneRoot/Hip/Pelvis/L_Thigh/L_Calf/L_Foot": {"location": [18.130644068128245, -18.264060788834332, 11.527021340721232], "rotation": [0.0191261268086245, -0.234949028259053, 0.9694244393627937, 0.0681865218321072]}, "BoneRoot/Hip/Pelvis/L_Thigh/L_Calf/L_Foot/L_ToeBase": {"location": [15.9830252501676, -31.655157471122248, 4.637261138985226], "rotation": [-0.0411492419761844, -0.1428195969985263, 0.985952120036696, 0.0762083958177076]}, "BoneRoot/Hip/Pelvis/R_Thigh/R_Calf/R_Foot": {"location": [-10.854205609122603, -3.833560978376787, 10.70141676623074], "rotation": [-0.0786330402732054, -0.2074987020545587, 0.8622249080644719, 0.4553343184257901]}, "BoneRoot/Hip/Pelvis/R_Thigh/R_Calf/R_Foot/R_ToeBase": {"location": [-22.301927300846444, -11.427422272434724, 4.169299483891041], "rotation": [-0.0336981306930285, -0.1495668281330316, 0.8825682078464169, 0.4444857235151471]}}}, {"frame": 44, "pose": "idleToWalk_L_touched_ground", "deltaLocation": [0.068196, 0.18869, 0.0], "deltaRotation": [0.0, 0.0, 0.462031, 0.886864], "poseID": null, "globalTransform": {"BoneRoot/Hip/Pelvis/L_Thigh/L_Calf/L_Foot": {"location": [15.760527459037563, -9.683734671190711, 10.462069259693402], "rotation": [-0.0551915472700545, 0.1656391713678363, -0.8102245690598776, 0.5595120246341894]}, "BoneRoot/Hip/Pelvis/L_Thigh/L_Calf/L_Foot/L_ToeBase": {"location": [29.27451401153, -14.53649587418011, 5.439645401067335], "rotation": [0.0053828880128831, 0.1253496209699264, -0.825594086937148, 0.5501389830340635]}, "BoneRoot/Hip/Pelvis/R_Thigh/R_Calf/R_Foot": {"location": [-29.671897407280262, 1.3551854079272996, 12.74607230707134], "rotation": [-0.1855631378419936, -0.1941081209265475, 0.552276955974281, 0.7892265347568974]}, "BoneRoot/Hip/Pelvis/R_Thigh/R_Calf/R_Foot/R_ToeBase": {"location": [-41.83650109980837, 6.239904064772119, 5.0293470787069845], "rotation": [-0.0995926715111279, -0.1195978268807408, 0.5844164720265349, 0.79638875356872]}}}, {"frame": 61, "pose": "idleToWalk_R_Foot_High1", "deltaLocation": [0.209732, -0.061961, 0.0], "deltaRotation": [0.0, 0.0, 0.442928, 0.896557], "poseID": null, "globalTransform": {"BoneRoot/Hip/Pelvis/L_Thigh/L_Calf/L_Foot": {"location": [-5.472613182127194, 1.517143736457223, 10.70321867949922], "rotation": [-0.0076598898617874, 0.2209933013301988, -0.9659674686300304, 0.1342018494767368]}, "BoneRoot/Hip/Pelvis/L_Thigh/L_Calf/L_Foot/L_ToeBase": {"location": [-1.5799663073078918, -11.660984245979238, 4.177370939768535], "rotation": [0.0112234053377343, 0.1453739030739877, -0.9822321537999544, 0.1181543884887998]}, "BoneRoot/Hip/Pelvis/R_Thigh/R_Calf/R_Foot": {"location": [-18.363061017244583, 24.87032678466253, 30.162706292929908], "rotation": [0.1267427881359956, -0.607354896978557, 0.7323677315804524, 0.2805241531693537]}, "BoneRoot/Hip/Pelvis/R_Thigh/R_Calf/R_Foot/R_ToeBase": {"location": [-26.955333593163655, 23.27534428737707, 17.712233684222564], "rotation": [0.1597749078681385, -0.5690233274953944, 0.7679166217811466, 0.2469584855274841]}}}, {"frame": 67, "pose": "idleToWalk_R_Foot_H_Together", "deltaLocation": [0.0201168, -0.0650372, 0.0], "deltaRotation": [0.0, 0.0, 0.14157, 0.989928], "poseID": null, "globalTransform": {"BoneRoot/Hip/Pelvis/L_Thigh/L_Calf/L_Foot": {"location": [-4.727768222822809, 9.940037800515768, 10.08251450413556], "rotation": [-0.0071159024671679, -0.2088101174702878, 0.977904648200206, 0.0070850407587969]}, "BoneRoot/Hip/Pelvis/L_Thigh/L_Calf/L_Foot/L_ToeBase": {"location": [-4.893196486311641, -3.943847482370841, 3.868612641494629], "rotation": [-0.0329604166210846, -0.1404095203877113, 0.9893044110762572, 0.0218073323842559]}, "BoneRoot/Hip/Pelvis/R_Thigh/R_Calf/R_Foot": {"location": [-13.762856738585034, 6.21851659601585, 26.44485367426353], "rotation": [0.1139193156410885, -0.4514083385956206, 0.8664567600170542, 0.1802930514217248]}, "BoneRoot/Hip/Pelvis/R_Thigh/R_Calf/R_Foot/R_ToeBase": {"location": [-20.079977101540177, -1.8047507661266469, 15.17069931485672], "rotation": [0.1460571324584079, -0.4018792574598926, 0.8912557148957593, 0.1510749057493057]}}}, {"frame": 77, "pose": "idleToWalk_R_Foot_Low", "deltaLocation": [0.0172215, -0.163063, 0.0], "deltaRotation": [0.0, 0.0, 0.133445, 0.991056], "poseID": null, "globalTransform": {"BoneRoot/Hip/Pelvis/L_Thigh/L_Calf/L_Foot": {"location": [0.5896064092780811, 27.01305153725409, 10.08745911102027], "rotation": [-0.0451895070137497, -0.2077751462467774, 0.9677109944789544, 0.1353618418260394]}, "BoneRoot/Hip/Pelvis/L_Thigh/L_Calf/L_Foot/L_ToeBase": {"location": [-3.1098437859474544, 13.671933346155978, 3.784236525030809], "rotation": [-0.0555944229050027, -0.1364696234773656, 0.9771626228037096, 0.1530964095110698]}, "BoneRoot/Hip/Pelvis/R_Thigh/R_Calf/R_Foot": {"location": [-9.871165648951443, -34.247905933847555, 11.924957013644772], "rotation": [-0.0396491973025542, -0.113275138601336, 0.9926034736642892, 0.0183037755039309]}, "BoneRoot/Hip/Pelvis/R_Thigh/R_Calf/R_Foot/R_ToeBase": {"location": [-10.287435542929323, -49.05870256111433, 8.48229179707342], "rotation": [-0.0104848035661843, -0.0503033008490333, 0.9986478039480504, 0.0078873625253532]}}}, {"frame": 80, "pose": "idleToWalk_R_Foot_High2", "deltaLocation": [-0.003552, -0.0644946, 0.0], "deltaRotation": [0.0, 0.0, 0.0200261, 0.999799], "poseID": null,