{"02001_24_MOB1_Stand_Relaxed_L_135": {"frameRate": 60, "standalone": true, "isLoop": false, "secondsStart": 0.016666666666666666, "secondsEnd": 2.466666666666667, "groundBoneL": "L_MidToe1", "groundBoneR": "R_MidToe1", "moveList": ["Idle"], "criticalPoses": [{"frame": 1, "pose": "wL_neutral_to_wlean_fL", "deltaLocation": [0.0, 0.0, 0.0], "deltaRotation": [0.0, 0.0, 0.0, 1.0], "poseID": 111, "globalTransform": {"BoneRoot/Hip/Pelvis/L_Thigh/L_Calf/L_Foot": {"location": [15.61463028215534, -0.94384696141609, 10.273904178115735], "rotation": [-0.0195072124305758, 0.199237989248635, -0.9700258658121148, 0.1377443717863133]}, "BoneRoot/Hip/Pelvis/L_Thigh/L_Calf/L_Foot/L_ToeBase": {"location": [19.561652213982843, -14.370806831471644, 4.3123454020149], "rotation": [0.0162991401024405, 0.1367257092236437, -0.9825861543704576, 0.1247592389712607]}, "BoneRoot/Hip/Pelvis/R_Thigh/R_Calf/R_Foot": {"location": [-16.1703856597346, 0.2786978015708125, 10.17482728346421], "rotation": [-0.0414732928794682, -0.2036797002061783, 0.9431179240590152, 0.2594670056486352]}, "BoneRoot/Hip/Pelvis/R_Thigh/R_Calf/R_Foot/R_ToeBase": {"location": [-23.358238722653127, -11.622366034830913, 4.003512722720327], "rotation": [0.0006034426294865, -0.1507174607139206, 0.9573855856930256, 0.2463670497452187]}}}, {"frame": 17, "pose": "wR_neutral_to_wlean_fL", "deltaLocation": [-0.00338756, 0.0104698, 0.0], "deltaRotation": [0.0, 0.0, 0.010458, 0.999945], "poseID": null, "globalTransform": {"BoneRoot/Hip/Pelvis/L_Thigh/L_Calf/L_Foot": {"location": [15.958877879939472, -2.497260537731864, 10.34546113968759], "rotation": [-0.0232557165859173, 0.2083767510189836, -0.9696024186091828, 0.1261326726430203]}, "BoneRoot/Hip/Pelvis/L_Thigh/L_Calf/L_Foot/L_ToeBase": {"location": [19.532397623721092, -15.904108441374358, 4.109393362535977], "rotation": [0.0116843783681799, 0.1454996381796604, -0.9827946028432332, 0.1131728731364045]}, "BoneRoot/Hip/Pelvis/R_Thigh/R_Calf/R_Foot": {"location": [-15.796694513966468, -0.3404534014461102, 10.189278472268532], "rotation": [-0.0414131848500698, -0.2039165727206799, 0.9400261260184748, 0.2702847792479701]}, "BoneRoot/Hip/Pelvis/R_Thigh/R_Calf/R_Foot/R_ToeBase": {"location": [-23.269585786111435, -12.064230024289513, 4.017200524411637], "rotation": [0.0031838424679778, -0.152491078266677, 0.9541777983837187, 0.257451089078692]}}}, {"frame": 21, "pose": "aL_q1_fL", "deltaLocation": [-0.00899352, 0.0113985, 0.0], "deltaRotation": [0.0, 0.0, 0.0350154, 0.999387], "poseID": null, "globalTransform": {"BoneRoot/Hip/Pelvis/L_Thigh/L_Calf/L_Foot": {"location": [16.701848411463637, -4.681974088283701, 10.485858924174462], "rotation": [-0.0181096390647454, 0.2136866730575387, -0.9722765609325332, 0.0932112428398605]}, "BoneRoot/Hip/Pelvis/L_Thigh/L_Calf/L_Foot/L_ToeBase": {"location": [19.34149862611143, -18.240351019341972, 4.113640683893608], "rotation": [0.0146163138746663, 0.1497037450142361, -0.985395558509598, 0.0798169491210187]}, "BoneRoot/Hip/Pelvis/R_Thigh/R_Calf/R_Foot": {"location": [-14.931377783856504, -0.4739963312619055, 10.15945132375374], "rotation": [-0.0452322673023174, -0.204479916515907, 0.9294452728818828, 0.3037655188691798]}, "BoneRoot/Hip/Pelvis/R_Thigh/R_Calf/R_Foot/R_ToeBase": {"location": [-23.239504371073046, -11.60605865826971, 3.9596116069631497], "rotation": [-0.0065412691520604, -0.150306937287368, 0.9450829804003495, 0.2901434068848783]}}}, {"frame": 35, "pose": "aL_q3_fL", "deltaLocation": [-0.0487474, 0.0488794, 0.0], "deltaRotation": [0.0, 0.0, 0.208333, 0.978058], "poseID": null, "globalTransform": {"BoneRoot/Hip/Pelvis/L_Thigh/L_Calf/L_Foot": {"location": [14.73348921258328, -11.250654176322852, 12.41182870778218], "rotation": [-0.0432183099989464, 0.1277310839381649, -0.9659492524184312, 0.2208143782209178]}, "BoneRoot/Hip/Pelvis/L_Thigh/L_Calf/L_Foot/L_ToeBase": {"location": [21.054962739254115, -24.482719415029845, 8.367808477963445], "rotation": [-0.0012290873664976, 0.0678975160847958, -0.9750565388272244, 0.2113129497783656]}, "BoneRoot/Hip/Pelvis/R_Thigh/R_Calf/R_Foot": {"location": [-11.46096555736589, -0.6584329595336236, 9.920529593797934], "rotation": [-0.0985896622933052, -0.1847007640193956, 0.8471933652598406, 0.4882920315950795]}, "BoneRoot/Hip/Pelvis/R_Thigh/R_Calf/R_Foot/R_ToeBase": {"location": [-23.49230026641923, -7.57816071937313, 3.695582178627954], "rotation": [-0.0442908979424761, -0.1439533141843859, 0.8643786840014539, 0.479755406784223]}}}, {"frame": 52, "pose": "aR_q1_fL", "deltaLocation": [0.0207976, -0.0145953, 0.0], "deltaRotation": [0.0, 0.0, 0.275558, 0.961284], "poseID": null, "globalTransform": {"BoneRoot/Hip/Pelvis/L_Thigh/L_Calf/L_Foot": {"location": [3.3122156947333483, 0.5108804215531837, 10.404708364049943], "rotation": [-0.0538452463173245, 0.1915717152914186, -0.9036362660475252, 0.3792656931928017]}, "BoneRoot/Hip/Pelvis/L_Thigh/L_Calf/L_Foot/L_ToeBase": {"location": [13.425314959525434, -9.208163036390316, 4.516778508543305], "rotation": [-0.0034218014871199, 0.1402867087236101, -0.9188854102296414, 0.368724197059514]}, "BoneRoot/Hip/Pelvis/R_Thigh/R_Calf/R_Foot": {"location": [-11.679882573748126, 7.633428009839202, 10.953405450615202], "rotation": [-0.1347061057910096, -0.1851176234754117, 0.6751591675287943, 0.7012459119618899]}, "BoneRoot/Hip/Pelvis/R_Thigh/R_Calf/R_Foot/R_ToeBase": {"location": [-25.325005767161723, 8.425006979272808, 4.277345361848252], "rotation": [-0.078826703955711, -0.131208247979425, 0.7006629212598036, 0.6968803463847484]}}}, {"frame": 69, "pose": "aR_q3_fL", "deltaLocation": [-0.0266034, -0.0285541, 0.0], "deltaRotation": [0.0, 0.0, 0.299644, 0.954051], "poseID": null, "globalTransform": {"BoneRoot/Hip/Pelvis/L_Thigh/L_Calf/L_Foot": {"location": [7.083565919901651, -0.6969926631066334, 10.2524721585899], "rotation": [-0.0144998669844226, 0.2044170463713995, -0.9749297879746608, 0.0866910233525382]}, "BoneRoot/Hip/Pelvis/L_Thigh/L_Calf/L_Foot/L_ToeBase": {"location": [9.564905216365611, -14.408968393858215, 4.15107360069119], "rotation": [0.0179286774204906, 0.1401210833915164, -0.9872534592001624, 0.0733161088196381]}, "BoneRoot/Hip/Pelvis/R_Thigh/R_Calf/R_Foot": {"location": [-16.783109832596086, 18.413990395902307, 21.15289789232946], "rotation": [-0.0936717088759559, -0.3782194800676847, 0.8189441356010198, 0.4213147737954215]}, "BoneRoot/Hip/Pelvis/R_Thigh/R_Calf/R_Foot/R_ToeBase": {"location": [-26.202273613034105, 12.954895926486738, 10.52918716067182], "rotation": [-0.0438337081853895, -0.3389389483779529, 0.8471696326123508, 0.4068201185765278]}}}, {"frame": 90, "pose": "aL_q1_fL", "deltaLocation": [-0.131345, 0.039354, 0.0], "deltaRotation": [0.0, 0.0, 0.206533, 0.97844], "poseID": null, "globalTransform": {"BoneRoot/Hip/Pelvis/L_Thigh/L_Calf/L_Foot": {"location": [16.73094304039509, -12.320225864073798, 10.68317428974897], "rotation": [-0.018981895139906, -0.2038486314765824, 0.9715944304490196, 0.1186999824029782]}, "BoneRoot/Hip/Pelvis/L_Thigh/L_Calf/L_Foot/L_ToeBase": {"location": [13.340089279096231, -25.839310709044575, 4.589002461428268], "rotation": [-0.0372965276679857, -0.1341152251268044, 0.9811916462417224, 0.1337349197425891]}, "BoneRoot/Hip/Pelvis/R_Thigh/R_Calf/R_Foot": {"location": [-16.92372791357397, 5.946017005743664, 9.941243440586188], "rotation": [-0.0220326969744063, -0.2072043338325044, 0.9664663923857236, 0.1500787682984724]}, "BoneRoot/Hip/Pelvis/R_Thigh/R_Calf/R_Foot/R_ToeBase": {"location": [-21.19769974164759, -7.273951048796993, 3.7483856155890862], "rotation": [0.0087026757344981, -0.1466651478116028, 0.9799113200384107, 0.1348606788987808]}}}, {"frame": 103, "pose": "aL_q3_fL", "deltaLocation": [-0.0446174, 0.0572333, 0.0], "deltaRotation": [0.0, 0.0, 0.10202, 0.994782], "poseID": null, "globalTransform": {"BoneRoot/Hip/Pelvis/L_Thigh/L_Calf/L_Foot": {"location": [17.891010670816925, -9.061840717465287, 12.30386709855348],