{"02001_22_MOB1_IdleToIdle_LFootLiftHigh": {"frameRate": 60, "standalone": false, "isLoop": false, "secondsStart": 0.016666666666666666, "secondsEnd": 1.6, "groundBoneL": "L_MidToe1", "groundBoneR": "R_MidToe1", "moveList": ["Idle"], "criticalPoses": [{"frame": 1, "pose": "wR_neutral_to_wlean_fL", "deltaLocation": [0.0, 0.0, 0.0], "deltaRotation": [0.0, 0.0, 0.0, 1.0], "poseID": null, "globalTransform": {"BoneRoot/Hip/Pelvis/L_Thigh/L_Calf/L_Foot": {"location": [15.61463028215534, -0.943846961416071, 10.273904178115735], "rotation": [-0.0195072124305757, 0.1992379892486351, -0.9700258658121148, 0.1377443717863133]}, "BoneRoot/Hip/Pelvis/L_Thigh/L_Calf/L_Foot/L_ToeBase": {"location": [19.561652213982843, -14.370806831471622, 4.312345402014899], "rotation": [0.0162991401024405, 0.1367257092236437, -0.9825861543704576, 0.1247592389712607]}, "BoneRoot/Hip/Pelvis/R_Thigh/R_Calf/R_Foot": {"location": [-16.1703856597346, 0.2786978015708125, 10.17482728346421], "rotation": [-0.0414732928794682, -0.2036797002061783, 0.9431179240590152, 0.2594670056486353]}, "BoneRoot/Hip/Pelvis/R_Thigh/R_Calf/R_Foot/R_ToeBase": {"location": [-23.358238722653127, -11.622366034830913, 4.003512722720327], "rotation": [0.0006034426294865, -0.1507174607139206, 0.9573855856930256, 0.2463670497452187]}}}, {"frame": 26, "pose": "aL_q1_fL", "deltaLocation": [-0.0196879, 0.00732056, 0.0], "deltaRotation": [0.0, 0.0, 0.0171774, 0.999852], "poseID": null, "globalTransform": {"BoneRoot/Hip/Pelvis/L_Thigh/L_Calf/L_Foot": {"location": [17.57854754435154, -2.168358291125858, 10.39390553410438], "rotation": [-0.0201351550137638, 0.1999476370245197, -0.9719280953857038, 0.1223572449052399]}, "BoneRoot/Hip/Pelvis/L_Thigh/L_Calf/L_Foot/L_ToeBase": {"location": [21.07430543724577, -15.708460998030604, 4.40662661435732], "rotation": [0.0148866591236156, 0.1369125097950754, -0.9844067782948518, 0.1094378677099525]}, "BoneRoot/Hip/Pelvis/R_Thigh/R_Calf/R_Foot": {"location": [-14.182320714812384, -0.0450269151440889, 10.577960863604336], "rotation": [-0.0414805026924274, -0.208274436884012, 0.9372847469361716, 0.2764026591728599]}, "BoneRoot/Hip/Pelvis/R_Thigh/R_Calf/R_Foot/R_ToeBase": {"location": [-21.801197045160382, -11.612408501246067, 4.290345161570602], "rotation": [-0.0050520793605378, -0.1461047312389089, 0.9537943473513202, 0.2624961465705933]}}}, {"frame": 49, "pose": "aL_q3_fL", "deltaLocation": [-0.0625503, 0.0315234, 0.0], "deltaRotation": [0.0, 0.0, 0.00133537, 0.999999], "poseID": null, "globalTransform": {"BoneRoot/Hip/Pelvis/L_Thigh/L_Calf/L_Foot": {"location": [19.65617101797313, -0.5704725120069736, 17.74440755191034], "rotation": [-0.0249027393559264, 0.2952594982243481, -0.9229210545739926, 0.2458015648951534]}, "BoneRoot/Hip/Pelvis/L_Thigh/L_Calf/L_Foot/L_ToeBase": {"location": [26.334444893909044, -11.291910097340262, 9.26773563882972], "rotation": [0.0163278111388519, 0.2388880220551603, -0.9431528284296632, 0.230496546019921]}, "BoneRoot/Hip/Pelvis/R_Thigh/R_Calf/R_Foot": {"location": [-8.0490992635351, -3.032810269721519, 10.541641899865018], "rotation": [-0.0504684520948557, -0.200813806630778, 0.938998874140556, 0.2746049248873263]}, "BoneRoot/Hip/Pelvis/R_Thigh/R_Calf/R_Foot/R_ToeBase": {"location": [-15.585540947610044, -14.723171512766072, 4.383469345517852], "rotation": [-0.0050791642745649, -0.1442120849764317, 0.9537064654713836, 0.2638580193117182]}}}, {"frame": 73, "pose": "wR_neutral_to_wlean_fL", "deltaLocation": [0.0682621, -0.0336277, 0.0], "deltaRotation": [0.0, 0.0, 0.000970396, 1.0], "poseID": null, "globalTransform": {"BoneRoot/Hip/Pelvis/L_Thigh/L_Calf/L_Foot": {"location": [16.971203875785182, -2.0745110593559972, 10.366866298112567], "rotation": [-0.0192175294211124, 0.2008211141568412, -0.9719757510080842, 0.120684324268002]}, "BoneRoot/Hip/Pelvis/L_Thigh/L_Calf/L_Foot/L_ToeBase": {"location": [20.42274080693568, -15.616337126053882, 4.35787104086468], "rotation": [0.0156672591226079, 0.1377135896146676, -0.9844781984095232, 0.1076669916147366]}, "BoneRoot/Hip/Pelvis/R_Thigh/R_Calf/R_Foot": {"location": [-14.766575187154622, 0.2132835344001836, 10.589109905524207], "rotation": [-0.042176832367554, -0.2084657286214974, 0.9366009745220804, 0.27846322796024]}, "BoneRoot/Hip/Pelvis/R_Thigh/R_Calf/R_Foot/R_ToeBase": {"location": [-22.433760607476906, -11.316886503038276, 4.291883205429018], "rotation": [-0.0053985279033338, -0.1460738650644301, 0.9531895917986144, 0.2646939438831318]}}}, {"frame": 96, "pose": "wR_neutral_to_wlean_fL", "deltaLocation": [0.0135953, -0.00613336, 0.0], "deltaRotation": [0.0, 0.0, -0.0194828, 0.99981], "poseID": null, "globalTransform": {"BoneRoot/Hip/Pelvis/L_Thigh/L_Calf/L_Foot": {"location": [15.614630282155332, -0.9438469614160754, 10.273904178115734], "rotation": [-0.0195072124305758, 0.1992379892486352, -0.9700258658121148, 0.1377443717863133]}, "BoneRoot/Hip/Pelvis/L_Thigh/L_Calf/L_Foot/L_ToeBase": {"location": [19.56165221398283, -14.37080683147163, 4.3123454020148895], "rotation": [0.0162991401024404, 0.136725709223644, -0.9825861543704576, 0.1247592389712608]}, "BoneRoot/Hip/Pelvis/R_Thigh/R_Calf/R_Foot": {"location": [-16.170385659734595, 0.2786978015708146, 10.174827283464197], "rotation": [-0.0414732928794682, -0.2036797002061784, 0.9431179240590152, 0.2594670056486352]}, "BoneRoot/Hip/Pelvis/R_Thigh/R_Calf/R_Foot/R_ToeBase": {"location": [-23.358238722653127, -11.622366034830906, 4.0035127227203064], "rotation": [0.0006034426294865, -0.1507174607139207, 0.9573855856930256, 0.2463670497452186]}}}], "rootMovement": [{"frame": 1, "deltaLocation": [0.0, 0.0, -0.0], "deltaRotation": [0, 0, 0, 1], "footOnGround": 3}]}}