{"01001_4_Move_WalkFast_M1Loop": {"frameRate": 60, "standalone": true, "isLoop": true, "secondsStart": 0.0, "secondsEnd": 2.3333333333333335, "speed": 0.8738059021273562, "deltaLocation": [-0.01492347096186077, 0.0, 2.0371991574726858], "deltaRotation": [-0.0, -0.004544240646156913, 0.0, 0.999989674885171], "distance": 2.0388804382971646, "deviations": {"side": {"min": 0.0, "max": 203.7253817567406}, "forward": {"min": -1.2910247095879082, "max": 1.5592667625839298}}, "groundBoneL": "L_MidToe1", "groundBoneR": "R_MidToe1", "moveList": ["Walk"], "criticalPoses": [{"frame": 0, "pose": "walk_R_Foot_Low", "deltaLocation": [-0.000136997, -0.0131713, 0.0], "deltaRotation": [0.0, 0.0, 0.00141586, 0.999999], "poseID": null, "globalTransform": {"BoneRoot/Hip/Pelvis/L_Thigh/L_Calf/L_Foot": {"location": [3.6244115599746656, 16.982726280878182, 11.294203453691592], "rotation": [-0.012132905512656, 0.2561866565774005, -0.963289105886443, 0.0793428514487047]}, "BoneRoot/Hip/Pelvis/L_Thigh/L_Calf/L_Foot/L_ToeBase": {"location": [5.855309589354717, 3.959082859178952, 3.756943967761309], "rotation": [0.0188398597739286, 0.1814041374727233, -0.9810936900607528, 0.0647516016361868]}, "BoneRoot/Hip/Pelvis/R_Thigh/R_Calf/R_Foot": {"location": [-9.048033066210648, -12.259605335264514, 16.648318897114567], "rotation": [0.010585141991741, -0.2663322731244105, 0.9630931991211936, 0.0375041980037455]}, "BoneRoot/Hip/Pelvis/R_Thigh/R_Calf/R_Foot/R_ToeBase": {"location": [-10.23283200430113, -25.270238011691543, 8.856969063558916], "rotation": [0.0327343349363189, -0.1126498038111013, 0.9928753344435302, 0.0209058669096852]}}}, {"frame": 18, "pose": "walk_R_Foot_High2", "deltaLocation": [-0.000849846, -0.259363, 0.0], "deltaRotation": [0.0, 0.0, -0.001, 1.0], "poseID": 120, "globalTransform": {"BoneRoot/Hip/Pelvis/L_Thigh/L_Calf/L_Foot": {"location": [3.6014793012294746, 39.97153964097365, 15.262625717340148], "rotation": [0.0165213238810087, 0.3685919735474594, -0.9246663579191238, 0.0941229484567439]}, "BoneRoot/Hip/Pelvis/L_Thigh/L_Calf/L_Foot/L_ToeBase": {"location": [6.434767950297035, 29.162510759063085, 4.940815916406877], "rotation": [0.0463876818102041, 0.2270265485443061, -0.9698689410347888, 0.0752420523935418]}, "BoneRoot/Hip/Pelvis/R_Thigh/R_Calf/R_Foot": {"location": [-5.259803847402848, -36.58659359269459, 14.28880769488252], "rotation": [-0.0988767547646144, -0.0003313712917832, 0.9944948343840408, 0.034688642863975]}, "BoneRoot/Hip/Pelvis/R_Thigh/R_Calf/R_Foot/R_ToeBase": {"location": [-6.308497376456001, -51.76132008528064, 14.174479150834069], "rotation": [-0.0706421166938575, 0.1200040115510521, 0.9895727217222072, 0.0368043065954199]}}}, {"frame": 25, "pose": "walk_R_touched_ground", "deltaLocation": [-0.00259857, -0.114372, 0.0], "deltaRotation": [0.0, 0.0, 0.000372637, 1.0], "poseID": 121, "globalTransform": {"BoneRoot/Hip/Pelvis/L_Thigh/L_Calf/L_Foot": {"location": [3.9246573761064583, 47.582460301429315, 18.82715047321894], "rotation": [0.0211836971319023, 0.4804445148319983, -0.8718903231056591, 0.0923665719748175]}, "BoneRoot/Hip/Pelvis/L_Thigh/L_Calf/L_Foot/L_ToeBase": {"location": [6.684604869665055, 39.65269546043485, 6.1423635271978805], "rotation": [0.0484573989070777, 0.2591359584009517, -0.9619285610814776, 0.0720685710313331]}, "BoneRoot/Hip/Pelvis/R_Thigh/R_Calf/R_Foot": {"location": [-3.481764014164963, -34.19035209397713, 11.550292924804747], "rotation": [-0.0806637191845116, -0.08499603670851, 0.9887989284680342, 0.0924430484765375]}, "BoneRoot/Hip/Pelvis/R_Thigh/R_Calf/R_Foot/R_ToeBase": {"location": [-6.054228313959608, -48.92192864985279, 8.76664476487861], "rotation": [-0.046534952611022, 0.0240770628785862, 0.9946320531700064, 0.0892293227333268]}}}, {"frame": 43, "pose": "walk_L_Foot_High1", "deltaLocation": [-0.0147625, -0.274812, 0.0], "deltaRotation": [0.0, 0.0, 0.00333817, 0.999994], "poseID": 112, "globalTransform": {"BoneRoot/Hip/Pelvis/L_Thigh/L_Calf/L_Foot": {"location": [6.997122358160629, 40.57014213469702, 31.217284023334383], "rotation": [-0.0078799614414152, 0.7515503624176841, -0.6327756533397414, 0.1862925964658633]}, "BoneRoot/Hip/Pelvis/L_Thigh/L_Calf/L_Foot/L_ToeBase": {"location": [10.403524733818289, 43.59828165989481, 16.70421469334483], "rotation": [0.0172839498188397, 0.7088953999267206, -0.6868258313991001, 0.1594956249065462]}, "BoneRoot/Hip/Pelvis/R_Thigh/R_Calf/R_Foot": {"location": [-1.493853837267615, -11.429899998156458, 9.7101825124031], "rotation": [-0.0179201241897854, -0.2085844625806375, 0.9684078281786396, 0.1354904773085539]}, "BoneRoot/Hip/Pelvis/R_Thigh/R_Calf/R_Foot/R_ToeBase": {"location": [-5.372070572312122, -24.759138600053845, 3.4911618004727325], "rotation": [0.017109462452154, -0.1492528113691118, 0.9812300330622008, 0.1209069344982608]}}}, {"frame": 60, "pose": "walk_L_Foot_H_Together", "deltaLocation": [-0.00302152, -0.222393, 0.0], "deltaRotation": [0.0, 0.0, -0.00747759, 0.999972], "poseID": 113, "globalTransform": {"BoneRoot/Hip/Pelvis/L_Thigh/L_Calf/L_Foot": {"location": [7.4927466946222925, 6.917649537396011, 21.775228907713053], "rotation": [0.0096168290989168, 0.4853987863708965, -0.8597014953430673, 0.158773025708516]}, "BoneRoot/Hip/Pelvis/L_Thigh/L_Calf/L_Foot/L_ToeBase": {"location": [11.78769884530113, -0.3591049427548878, 9.125951791532977], "rotation": [0.0447037285062663, 0.3845823082600776, -0.9116737101861192, 0.1376556246088932]}, "BoneRoot/Hip/Pelvis/R_Thigh/R_Calf/R_Foot": {"location": [-1.6167204964937696, 10.11879386758509, 10.296822004457974], "rotation": [-0.0232123035540922, -0.2262890943215576, 0.9658292856426904, 0.1242104091844648]}, "BoneRoot/Hip/Pelvis/R_Thigh/R_Calf/R_Foot/R_ToeBase": {"location": [-5.106776816103349, -3.065345693248707, 3.560087751379179], "rotation": [0.010770594514338, -0.1694786426391161, 0.9793895634649804, 0.1093483742855187]}}}, {"frame": 67, "pose": "walk_L_Foot_Low", "deltaLocation": [-6.91706e-05, -0.0897005, 0.0], "deltaRotation": [0.0, 0.0, -0.0119758, 0.999928], "poseID": 114, "globalTransform": {"BoneRoot/Hip/Pelvis/L_Thigh/L_Calf/L_Foot": {"location": [8.42091504827501, -10.371800084130948, 15.959729177903355], "rotation": [-0.0046832514774713, 0.3113675965034519, -0.9346543687229084, 0.1716085604812421]}, "BoneRoot/Hip/Pelvis/L_Thigh/L_Calf/L_Foot/L_ToeBase": {"location": [13.256540306974609, -21.738169357636274, 7.081388145255975], "rotation": [0.0360347153431352, 0.193340906888225, -0.9680148857714832, 0.155781815173017]}, "BoneRoot/Hip/Pelvis/R_Thigh/R_Calf/R_Foot": {"location": [-1.9853776076810148, 18.451965464423235, 10.936853496526703], "rotation": [-0.0232690928655339, -0.2428693974073494, 0.9627495419049248, 0.1165603907082651]}, "BoneRoot/Hip/Pelvis/R_Thigh/R_Calf/R_Foot/R_ToeBase": {"location": [-5.227610489896147, 5.448441120714338, 3.740889485208794], "rotation": [0.0100732028775942, -0.1822607405677368, 0.9779510936407196, 0.1014456084727548]}}}, {"frame": 88, "pose": "walk_L_Foot_High2", "deltaLocation": [0.0118626, -0.309619, 0.0], "deltaRotation": [0.0, 0.0, -0.0469609, 0.998897], "poseID": 115, "globalTransform": {"BoneRoot/Hip/Pelvis/L_Thigh/L_Calf/L_Foot": {"location": [12.995115861710524, -41.16437870748791, 12.137605264956225], "rotation": [-0.1037071579054091, -0.1247380114713838, -0.9734576437249348, 0.1614480404552668]}, "BoneRoot/Hip/Pelvis/L_Thigh/L_Calf/L_Foot/L_ToeBase": {"location": [18.170338987362044, -55.10979747196294, 15.32253259600242], "rotation": [-0.0609316577561801, -0.2180167122128865, -0.9598004042046044, 0.1659494813720291]}, "BoneRoot/Hip/Pelvis/R_Thigh/R_Calf/R_Foot": {"location": [-7.45607603594107, 45.69594013436388, 14.34501873662236], "rotation": [0.0134995337438452, -0.3568785886448129, 0.9313020703415535, 0.0716372063464311]}, "BoneRoot/Hip/Pelvis/R_Thigh/R_Calf/R_Foot/R_ToeBase": {"location": [-9.632487943796722, 34.51537492898571, 4.263151723309467], "rotation": [0.0396021024575453, -0.212322770940075, 0.9749783829317454, 0.0526105240143963]}}}, {"frame": 92,