{"02001_6_MOB1_Walk_L_90": {"frameRate": 60, "standalone": true, "isLoop": false, "secondsStart": 0.016666666666666666, "secondsEnd": 1.25, "groundBoneL": "L_MidToe1", "groundBoneR": "R_MidToe1", "moveList": ["Transition", "Walk"], "criticalPoses": [{"frame": 1, "pose": "walkToWalk_R_Foot_H_Together", "deltaLocation": [0.0, 0.0, 0.0], "deltaRotation": [0.0, 0.0, 0.0, 1.0], "poseID": 118, "globalTransform": {"BoneRoot/Hip/Pelvis/L_Thigh/L_Calf/L_Foot": {"location": [3.8545671417765175, 7.689487192784704, 10.200672089414727], "rotation": [-0.0189669107932525, 0.2233776690583231, -0.9706305686083174, 0.0872867260476957]}, "BoneRoot/Hip/Pelvis/L_Thigh/L_Calf/L_Foot/L_ToeBase": {"location": [6.3034450686448364, -5.772562634218217, 3.5539431899466907], "rotation": [0.0133063664695643, 0.1667681620659476, -0.9831715136044956, 0.0733832104037995]}, "BoneRoot/Hip/Pelvis/R_Thigh/R_Calf/R_Foot": {"location": [-10.153662453334968, 5.96155334702501, 22.581638212226657], "rotation": [0.0454015905092519, -0.4417528147650467, 0.8944101438825243, 0.0531379407432285]}, "BoneRoot/Hip/Pelvis/R_Thigh/R_Calf/R_Foot/R_ToeBase": {"location": [-12.209889380650552, -3.2271224675926073, 10.63487761541977], "rotation": [0.0667037112441914, -0.3008019569561626, 0.9509357011316604, 0.0281085380415308]}}}, {"frame": 8, "pose": "walkToWalk_R_Foot_Low", "deltaLocation": [0.050418, -0.105012, 0.0], "deltaRotation": [0.0, 0.0, 0.0555005, 0.998459], "poseID": null, "globalTransform": {"BoneRoot/Hip/Pelvis/L_Thigh/L_Calf/L_Foot": {"location": [0.6175104766065305, 18.281320184969623, 10.198977804882167], "rotation": [0.0104071192685294, 0.218248413146671, -0.9751443850106164, 0.0367797554336276]}, "BoneRoot/Hip/Pelvis/L_Thigh/L_Calf/L_Foot/L_ToeBase": {"location": [1.7779468961831189, 4.559680071770064, 3.7357792074271696], "rotation": [0.0264649075998146, 0.1516971191276063, -0.98787380191691, 0.0198228201915762]}, "BoneRoot/Hip/Pelvis/R_Thigh/R_Calf/R_Foot": {"location": [-12.419980810528344, -30.145773363269697, 11.043339559580064], "rotation": [-0.0216332177805664, -0.0880368599682836, 0.9941221628666808, 0.0591831096906535]}, "BoneRoot/Hip/Pelvis/R_Thigh/R_Calf/R_Foot/R_ToeBase": {"location": [-14.15213726374525, -45.0147815594734, 8.341897587059782], "rotation": [0.0202564499039442, -0.0025446821467545, 0.9983968628806044, 0.0527911452824146]}}}, {"frame": 12, "pose": "walkToWalk_R_Foot_High2", "deltaLocation": [0.0129673, -0.0691462, 0.0], "deltaRotation": [0.0, 0.0, 0.0549241, 0.998491], "poseID": null, "globalTransform": {"BoneRoot/Hip/Pelvis/L_Thigh/L_Calf/L_Foot": {"location": [1.9227579861307076, 24.91991759858439, 11.10743557118534], "rotation": [-0.0350811455557326, -0.232017915764993, 0.9719680509574652, 0.0146665574867596]}, "BoneRoot/Hip/Pelvis/L_Thigh/L_Calf/L_Foot/L_ToeBase": {"location": [1.7368411922151843, 11.35229140570621, 4.230868996484618], "rotation": [-0.0344778164123455, -0.1421281846780294, 0.9886537837181284, 0.0342717848294035]}, "BoneRoot/Hip/Pelvis/R_Thigh/R_Calf/R_Foot": {"location": [-18.535081013156024, -38.00204631789279, 12.02805230613876], "rotation": [-0.0506861699531426, -0.0297485349364498, -0.9982553776869152, 0.0056690178841168]}, "BoneRoot/Hip/Pelvis/R_Thigh/R_Calf/R_Foot/R_ToeBase": {"location": [-18.317195410002984, -53.18550741723088, 12.92286032675676], "rotation": [-0.0795075135795387, -0.0924960438204787, -0.992375707399611, 0.0177057201232079]}}}, {"frame": 19, "pose": "walkToWalk_R_touched_ground", "deltaLocation": [-0.0336843, -0.112472, 0.0], "deltaRotation": [0.0, 0.0, 0.126534, 0.991962], "poseID": null, "globalTransform": {"BoneRoot/Hip/Pelvis/L_Thigh/L_Calf/L_Foot": {"location": [11.863924012743354, 31.056149871416835, 16.90004306487318], "rotation": [-0.1158601728349736, -0.3641106613890632, 0.9175199433039548, 0.1102587876451425]}, "BoneRoot/Hip/Pelvis/L_Thigh/L_Calf/L_Foot/L_ToeBase": {"location": [10.069691942174654, 20.24747171402189, 6.347524251521849], "rotation": [-0.0650024747511842, -0.198888503295523, 0.968206278610866, 0.1370935578048308]}, "BoneRoot/Hip/Pelvis/R_Thigh/R_Calf/R_Foot": {"location": [-24.274216137723393, -24.375167252244097, 10.184806034042898], "rotation": [-0.0090003990899959, -0.190685799056972, 0.9804104911534144, 0.0485096659496388]}, "BoneRoot/Hip/Pelvis/R_Thigh/R_Calf/R_Foot/R_ToeBase": {"location": [-25.669052401106747, -38.40875365915547, 4.484075576297109], "rotation": [0.0208348089993561, -0.1295455486475608, 0.9907742044798374, 0.0339166227226124]}}}, {"frame": 26, "pose": "walkToWalk_L_Foot_High1", "deltaLocation": [-0.0398071, -0.105902, 0.0], "deltaRotation": [0.0, 0.0, 0.101743, 0.994811], "poseID": null, "globalTransform": {"BoneRoot/Hip/Pelvis/L_Thigh/L_Calf/L_Foot": {"location": [8.444238000620494, 24.939498695901797, 26.821223754853627], "rotation": [0.1388140264825626, 0.5552483679735838, -0.815787582698746, 0.0831897579567759]}, "BoneRoot/Hip/Pelvis/L_Thigh/L_Calf/L_Foot/L_ToeBase": {"location": [12.854046418011135, 19.317729606975472, 13.39171775085211], "rotation": [0.1629182900861722, 0.5019739607846097, -0.8478889374076509, 0.0506371728212957]}, "BoneRoot/Hip/Pelvis/R_Thigh/R_Calf/R_Foot": {"location": [-22.662381027509905, -9.605664149681823, 10.10882996021856], "rotation": [-0.0258722872896812, -0.2061641382448061, 0.9668246305612408, 0.1485836686594366]}, "BoneRoot/Hip/Pelvis/R_Thigh/R_Calf/R_Foot/R_ToeBase": {"location": [-26.870632580597768, -22.852294191182683, 3.927955995957008], "rotation": [0.0103411676743604, -0.1460539816603386, 0.9800172418219064, 0.1346384061999959]}}}, {"frame": 34, "pose": "walkToWalk_L_Foot_H_Together", "deltaLocation": [-0.0342738, -0.0987505, 0.0], "deltaRotation": [0.0, 0.0, 0.174477, 0.984661], "poseID": null, "globalTransform": {"BoneRoot/Hip/Pelvis/L_Thigh/L_Calf/L_Foot": {"location": [6.856407506282553, 6.620714794835193, 21.79975917570237], "rotation": [0.0549915891773719, 0.4152229791837404, -0.90106956675945, 0.1124252575601381]}, "BoneRoot/Hip/Pelvis/L_Thigh/L_Calf/L_Foot/L_ToeBase": {"location": [10.633284949940188, -2.9613164267485423, 10.60499843010397], "rotation": [0.0849471848940107, 0.3566877286079184, -0.926109139515616, 0.0887676841240784]}, "BoneRoot/Hip/Pelvis/R_Thigh/R_Calf/R_Foot": {"location": [-18.019190067589903, 6.784295619161494, 10.314817629383596], "rotation": [-0.0630235334139143, -0.2054202999245985, 0.9245816186313444, 0.3146098617398322]}, "BoneRoot/Hip/Pelvis/R_Thigh/R_Calf/R_Foot/R_ToeBase": {"location": [-26.474916676396543, -4.1320185762627055, 3.933553299983208], "rotation": [-0.0153932011249647, -0.1439653355897914, 0.9417348094720168, 0.3035993744004584]}}}, {"frame": 45, "pose": "walkToWalk_L_Foot_Low", "deltaLocation": [-0.021206, -0.146335, 0.0], "deltaRotation": [0.0, 0.0, 0.156082, 0.987744], "poseID": null, "globalTransform": {"BoneRoot/Hip/Pelvis/L_Thigh/L_Calf/L_Foot": {"location": [6.02459550348291, -28.626548325576287, 11.736702503553762], "rotation": [-0.0043112928682964, 0.0918816352764176, -0.990812408963286, 0.0991460947143412]}, "BoneRoot/Hip/Pelvis/L_Thigh/L_Calf/L_Foot/L_ToeBase": {"location": [9.001396400671847, -43.28252129344614, 8.954060937022474], "rotation": [0.0302431086594789, 0.0272644967944931, -0.9952809465863344, 0.08807859533033]}, "BoneRoot/Hip/Pelvis/R_Thigh/R_Calf/R_Foot": {"location": [-8.88608954159039, 24.902145184753977, 11.576012074538594], "rotation": [-0.10447357984185, -0.2286703266998551, 0.8558192551576704, 0.4520714050936869]}, "BoneRoot/Hip/Pelvis/R_Thigh/R_Calf/R_Foot/R_ToeBase": {"location": [-19.92970975537751, 17.49915106749053, 4.185498552423365], "rotation": [-0.035223550394776, -0.1326511764474146, 0.8837334211755733, 0.447412792823384]}}}, {"frame": 50, "pose": "walkToWalk_L_Foot_High2", "deltaLocation": [-0.00451709, -0.0890991, 0.0], "deltaRotation": [0.0, 0.0, 0.0331919, 0.999449], "poseID": null, "globalTransform": {"BoneRoot/Hip/Pelvis/L_Thigh/L_Calf/L_Foot": {"location": [6.045451815219893, -36.5385824761064, 12.033183012383429],