{"02001_17_MOB1_Stand_Relaxed_To_Walk_R135_Fwd": {"frameRate": 60, "standalone": true, "isLoop": false, "secondsStart": 0.016666666666666666, "secondsEnd": 1.3, "groundBoneL": "L_MidToe1", "groundBoneR": "R_MidToe1", "moveList": ["Transition", "Walk"], "criticalPoses": [{"frame": 1, "pose": "idleToWalk_wL_neutral_fL_aboutBendKnees", "deltaLocation": [0.0, 0.0, 0.0], "deltaRotation": [0.0, 0.0, 0.0, 1.0], "poseID": 111, "globalTransform": {"BoneRoot/Hip/Pelvis/L_Thigh/L_Calf/L_Foot": {"location": [15.61463028215532, -0.9438469614160726, 10.273904178115735], "rotation": [-0.0195072124305758, 0.1992379892486351, -0.9700258658121148, 0.1377443717863131]}, "BoneRoot/Hip/Pelvis/L_Thigh/L_Calf/L_Foot/L_ToeBase": {"location": [19.561652213982818, -14.370806831471626, 4.312345402014898], "rotation": [0.0162991401024404, 0.1367257092236438, -0.9825861543704576, 0.1247592389712606]}, "BoneRoot/Hip/Pelvis/R_Thigh/R_Calf/R_Foot": {"location": [-16.170385659734606, 0.2786978015708147, 10.17482728346421], "rotation": [-0.041473292879468, -0.2036797002061783, 0.9431179240590152, 0.2594670056486352]}, "BoneRoot/Hip/Pelvis/R_Thigh/R_Calf/R_Foot/R_ToeBase": {"location": [-23.358238722653137, -11.62236603483091, 4.003512722720328], "rotation": [0.0006034426294867, -0.1507174607139206, 0.9573855856930256, 0.2463670497452186]}}}, {"frame": 7, "pose": "idleToWalk_wL_neutral_fL", "deltaLocation": [0.0117075, 0.00934762, 0.0], "deltaRotation": [0.0, 0.0, -0.0284824, 0.999594], "poseID": null, "globalTransform": {"BoneRoot/Hip/Pelvis/L_Thigh/L_Calf/L_Foot": {"location": [14.54525891529734, -1.112667976032269, 10.56008074230432], "rotation": [-0.025669338982955, 0.2036299500347049, -0.964681803283546, 0.1651210068363436]}, "BoneRoot/Hip/Pelvis/L_Thigh/L_Calf/L_Foot/L_ToeBase": {"location": [19.23259250431356, -14.233524709565756, 4.4548097019324135], "rotation": [0.0148921803071761, 0.1432078482736422, -0.9777100843529104, 0.1528159877537596]}, "BoneRoot/Hip/Pelvis/R_Thigh/R_Calf/R_Foot": {"location": [-17.799345764780874, -1.5250934668277845, 10.60230866671096], "rotation": [-0.0356551715653473, -0.2047783265850917, 0.9501255484744144, 0.2324994362097426]}, "BoneRoot/Hip/Pelvis/R_Thigh/R_Calf/R_Foot/R_ToeBase": {"location": [-24.29786532849117, -13.816141016144616, 4.4309956836188205], "rotation": [0.0123965009214036, -0.1336333845714586, 0.9661222567704708, 0.2204455267534695]}}}, {"frame": 20, "pose": "idleToWalk_wL_lean_fL_aboutToLift", "deltaLocation": [0.0667038, 0.0618662, 0.0], "deltaRotation": [0.0, 0.0, -0.249274, 0.968433], "poseID": null, "globalTransform": {"BoneRoot/Hip/Pelvis/L_Thigh/L_Calf/L_Foot": {"location": [10.250182634165476, -2.79090753043584, 10.46580190566764], "rotation": [-0.0566215835382457, 0.1998402922491617, -0.890777421486667, 0.404194803579853]}, "BoneRoot/Hip/Pelvis/L_Thigh/L_Calf/L_Foot/L_ToeBase": {"location": [20.860090389396895, -11.817276174977172, 4.353762141084389], "rotation": [-0.013300219723696, 0.1429732244170382, -0.9083885813992144, 0.392698289324794]}, "BoneRoot/Hip/Pelvis/R_Thigh/R_Calf/R_Foot": {"location": [-22.714902509743553, -14.71223176782237, 12.026593967282178], "rotation": [0.0044111759395447, 0.2096098222469228, -0.9777652650925056, 0.0043989002064454]}, "BoneRoot/Hip/Pelvis/R_Thigh/R_Calf/R_Foot/R_ToeBase": {"location": [-22.556080778645125, -28.5863859821402, 5.792147319290304], "rotation": [-0.0305475083687721, 0.1496334745297739, -0.988095738290814, 0.01853334843299]}}}, {"frame": 45, "pose": "idleToWalk_R_touched_ground", "deltaLocation": [-0.139553, 0.107429, 0.0], "deltaRotation": [0.0, 0.0, -0.343129, 0.939288], "poseID": null, "globalTransform": {"BoneRoot/Hip/Pelvis/L_Thigh/L_Calf/L_Foot": {"location": [27.11053215899973, 5.485576123415193, 10.207360353739364], "rotation": [-0.1206415489402238, 0.1556475073139146, -0.6992460763157458, 0.6872222310819863]}, "BoneRoot/Hip/Pelvis/L_Thigh/L_Calf/L_Foot/L_ToeBase": {"location": [41.15907389555436, 5.379268196044064, 4.373884104327242], "rotation": [-0.0534471672017338, 0.1284268082703685, -0.7167874244642508, 0.6832757447513426]}, "BoneRoot/Hip/Pelvis/R_Thigh/R_Calf/R_Foot": {"location": [-24.661127975192382, -15.738458176853346, 10.567939464759046], "rotation": [-0.0879165715953925, -0.1709016219759449, 0.8454507303304184, 0.4982733934585166]}, "BoneRoot/Hip/Pelvis/R_Thigh/R_Calf/R_Foot/R_ToeBase": {"location": [-37.02018484757943, -22.507880119402984, 4.839566461506998], "rotation": [-0.0331672857926421, -0.1307861558266811, 0.8615465436733378, 0.4894205407231634]}}}, {"frame": 63, "pose": "idleToWalk_L_Foot_High1", "deltaLocation": [-0.21477, -0.12491, 0.0], "deltaRotation": [0.0, 0.0, -0.282352, 0.959311], "poseID": null, "globalTransform": {"BoneRoot/Hip/Pelvis/L_Thigh/L_Calf/L_Foot": {"location": [14.865479456148972, 14.494926491607467, 21.650048064404658], "rotation": [0.0097271768332475, 0.3787030704163582, -0.9082378516747828, 0.1777452426177781]}, "BoneRoot/Hip/Pelvis/L_Thigh/L_Calf/L_Foot/L_ToeBase": {"location": [19.889191481358193, 4.607457575649505, 11.238389482783688], "rotation": [0.0444949783166226, 0.3211703894567215, -0.9326732719207076, 0.1580833504374925]}, "BoneRoot/Hip/Pelvis/R_Thigh/R_Calf/R_Foot": {"location": [-1.3967304124433566, -4.3277488545974006, 10.337814528975963], "rotation": [-0.0786138236300138, -0.1878341948431156, 0.9513661774363386, 0.2311721834738703]}, "BoneRoot/Hip/Pelvis/R_Thigh/R_Calf/R_Foot/R_ToeBase": {"location": [-7.638512020240489, -16.839907164667423, 4.348479134445794], "rotation": [-0.0378478031946247, -0.1332336944852952, 0.9654214026387912, 0.2208570618614887]}}}, {"frame": 68, "pose": "idleToWalk_L_Foot_H_Together", "deltaLocation": [-0.00432002, -0.063449, 0.0], "deltaRotation": [0.0, 0.0, -0.0532338, 0.998582], "poseID": null, "globalTransform": {"BoneRoot/Hip/Pelvis/L_Thigh/L_Calf/L_Foot": {"location": [10.30749553565547, 7.446110257376471, 24.315640459023633], "rotation": [0.0190840179026991, 0.3919958878356191, -0.9112512760290304, 0.1248844910952439]}, "BoneRoot/Hip/Pelvis/L_Thigh/L_Calf/L_Foot/L_ToeBase": {"location": [13.997531166878446, -2.616398807340836, 13.520623981004544], "rotation": [0.0509705230820699, 0.3137859704680831, -0.9423456486512248, 0.10452295911543]}, "BoneRoot/Hip/Pelvis/R_Thigh/R_Calf/R_Foot": {"location": [-1.2030636032777924, 1.676237787239021, 10.642538218316163], "rotation": [-0.0676933263796406, -0.2096050226401168, 0.9584980263551756, 0.1810107221159254]}, "BoneRoot/Hip/Pelvis/R_Thigh/R_Calf/R_Foot/R_ToeBase": {"location": [-6.049870853233976, -11.201697262239932, 4.157720116142617], "rotation": [-0.0341009207749813, -0.1536571894645347, 0.9729998231779612, 0.1688133271510715]}}}, {"frame": 78, "pose": "walk_L_Foot_Low", "deltaLocation": [-0.0168595, -0.173636, 0.0], "deltaRotation": [0.0, 0.0, -0.0741841, 0.997245], "poseID": 114, "globalTransform": {"BoneRoot/Hip/Pelvis/L_Thigh/L_Calf/L_Foot": {"location": [8.420915048274995, -10.371800084130996, 15.959729177903302], "rotation": [-0.0046832514774712, 0.3113675965034518, -0.9346543687229084, 0.1716085604812419]}, "BoneRoot/Hip/Pelvis/L_Thigh/L_Calf/L_Foot/L_ToeBase": {"location": [13.256540306974593, -21.738169357636323, 7.08138814525592], "rotation": [0.0360347153431351, 0.193340906888225, -0.9680148857714834, 0.1557818151730168]}, "BoneRoot/Hip/Pelvis/R_Thigh/R_Calf/R_Foot": {"location": [-1.9853776076810412, 18.45196546442323, 10.93685349652668], "rotation": [-0.0232690928655336, -0.2428693974073493, 0.962749541904925, 0.1165603907082649]}, "BoneRoot/Hip/Pelvis/R_Thigh/R_Calf/R_Foot/R_ToeBase": {"location": [-5.227610489896172, 5.448441120714314, 3.740889485208773], "rotation": [0.0100732028775943, -0.1822607405677367, 0.9779510936407196, 0.1014456084727546]}}}], "rootMovement": [{"frame": 1, "deltaLocation": [0.0, 0.0, -0.0], "deltaRotation": [0, 0, 0, 1], "footOnGround": 1}]}}