{"02001_7_MOB1_Walk_L_Loop": {"frameRate": 60, "standalone": true, "isLoop": true, "secondsStart": 0.0, "secondsEnd": 1.2, "groundBoneL": "L_MidToe1", "groundBoneR": "R_MidToe1", "moveList": ["Walk"], "criticalPoses": [{"frame": 0, "pose": "walk_R_Foot_H_Together", "deltaLocation": [0.00742584, -0.0169695, 0.0], "deltaRotation": [0.0, 0.0, 0.0107098, 0.999943], "poseID": -1, "globalTransform": {"BoneRoot/Hip/Pelvis/L_Thigh/L_Calf/L_Foot": {"location": [1.130021261298522, 5.798396960199525, 10.093628225189596], "rotation": [-0.0117440465652406, -0.2083317594806306, 0.9776681361271292, 0.0249994192669235]}, "BoneRoot/Hip/Pelvis/L_Thigh/L_Calf/L_Foot/L_ToeBase": {"location": [0.4610264911488757, -8.074098414705135, 3.888061872990532], "rotation": [-0.0364634721211081, -0.1408403578622853, 0.9885514202126436, 0.0400062294356985]}, "BoneRoot/Hip/Pelvis/R_Thigh/R_Calf/R_Foot": {"location": [-11.185906036357084, -5.9755661761098615, 30.395561853033954], "rotation": [0.0949700716706528, -0.3686739490785508, 0.9227074671638666, 0.0605898902271589]}, "BoneRoot/Hip/Pelvis/R_Thigh/R_Calf/R_Foot/R_ToeBase": {"location": [-13.952082883877988, -16.94021826206056, 20.221559849553863], "rotation": [0.1219331692606592, -0.3121112353458484, 0.9415502742358738, 0.034669296088772]}}}, {"frame": 8, "pose": "walk_R_Foot_Low", "deltaLocation": [0.0675373, -0.146101, 0.0], "deltaRotation": [0.0, 0.0, 0.0437619, 0.999042], "poseID": null, "globalTransform": {"BoneRoot/Hip/Pelvis/L_Thigh/L_Calf/L_Foot": {"location": [-4.349869927642031, 21.20947448186918, 9.796700855003316], "rotation": [-0.0178959343870862, -0.2081740901447674, 0.976277588033472, 0.0567922074615661]}, "BoneRoot/Hip/Pelvis/L_Thigh/L_Calf/L_Foot/L_ToeBase": {"location": [-5.923214854476768, 7.414096200725751, 3.582652635661553], "rotation": [-0.0402084147589578, -0.1386795279735577, 0.9868902735589524, 0.0721031196158574]}, "BoneRoot/Hip/Pelvis/R_Thigh/R_Calf/R_Foot": {"location": [3.0867825599203567, -31.468648039133996, 15.047360598769885], "rotation": [-0.1374271003816084, -0.0490111792824598, 0.9892500368766298, 0.009801067576162]}, "BoneRoot/Hip/Pelvis/R_Thigh/R_Calf/R_Foot/R_ToeBase": {"location": [2.996538259737548, -46.604011092056375, 13.531397985850022], "rotation": [-0.1080413397952211, 0.0147168738688167, 0.9940099760953016, 0.0073925598949718]}}}, {"frame": 11, "pose": "walk_R_Foot_High2", "deltaLocation": [0.0227647, -0.0560357, 0.0], "deltaRotation": [0.0, 0.0, 0.00192714, 0.999998], "poseID": null, "globalTransform": {"BoneRoot/Hip/Pelvis/L_Thigh/L_Calf/L_Foot": {"location": [-6.386952781401808, 26.61996685431873, 10.29061745264434], "rotation": [-0.0211744187819894, -0.2230209387803285, 0.9727638159961468, 0.0595303548066051]}, "BoneRoot/Hip/Pelvis/L_Thigh/L_Calf/L_Foot/L_ToeBase": {"location": [-8.004934735264808, 13.02904339671088, 3.652007101814666], "rotation": [-0.0402334193830011, -0.1364442628911992, 0.9869589354669324, 0.075341189204902]}, "BoneRoot/Hip/Pelvis/R_Thigh/R_Calf/R_Foot": {"location": [6.447740918461248, -33.72291416078569, 12.610695494312244], "rotation": [-0.2304572039397387, 0.0129102266702531, 0.9719283725376124, 0.0455855443752579]}, "BoneRoot/Hip/Pelvis/R_Thigh/R_Calf/R_Foot/R_ToeBase": {"location": [5.009141196570184, -48.86597535951063, 12.672839650951602], "rotation": [-0.1984812349876735, 0.0752510852605826, 0.9758825017262296, 0.050949154550669]}}}, {"frame": 14, "pose": "walk_R_touched_ground", "deltaLocation": [0.0217491, -0.0528034, 0.0], "deltaRotation": [0.0, 0.0, 3.94942e-05, 1.0], "poseID": null, "globalTransform": {"BoneRoot/Hip/Pelvis/L_Thigh/L_Calf/L_Foot": {"location": [-7.880875699548161, 31.473365788314315, 11.327624143777356], "rotation": [-0.0289499724711266, -0.2469751481762765, 0.9658035602714854, 0.0734074808459648]}, "BoneRoot/Hip/Pelvis/L_Thigh/L_Calf/L_Foot/L_ToeBase": {"location": [-9.820159518186628, 18.28107231675313, 4.006059631194433], "rotation": [-0.0598274192334673, -0.1278076514748273, 0.985961179570318, 0.0892548962951555]}, "BoneRoot/Hip/Pelvis/R_Thigh/R_Calf/R_Foot": {"location": [5.845456547854546, -29.05620054755186, 10.06065730755492], "rotation": [-0.2198127441931372, -0.0019043606385731, 0.970910680742437, 0.0949272401426387]}, "BoneRoot/Hip/Pelvis/R_Thigh/R_Calf/R_Foot/R_ToeBase": {"location": [3.054071015504249, -43.99326044453635, 9.369598913193832], "rotation": [-0.1849177674540954, 0.0588633649465593, 0.9759739788282744, 0.0990722776414694]}}}, {"frame": 30, "pose": "walk_L_Foot_High1", "deltaLocation": [0.109494, -0.295726, 0.0], "deltaRotation": [0.0, 0.0, -0.089247, 0.99601], "poseID": null, "globalTransform": {"BoneRoot/Hip/Pelvis/L_Thigh/L_Calf/L_Foot": {"location": [5.479012258229293, 16.40835501288324, 34.95359004478366], "rotation": [-0.0413593841007556, 0.698929176002325, -0.7043794875086163, 0.1167773345158053]}, "BoneRoot/Hip/Pelvis/L_Thigh/L_Calf/L_Foot/L_ToeBase": {"location": [7.102250920381529, 16.473392664081047, 19.82866842986776], "rotation": [-0.0189029377000514, 0.6522601591609636, -0.752012792369765, 0.0931457128903489]}, "BoneRoot/Hip/Pelvis/R_Thigh/R_Calf/R_Foot": {"location": [-1.238056371262836, -3.083879819838664, 10.232675384294536], "rotation": [0.0233344124561464, 0.1655874730749836, -0.9857731618923926, 0.0169578078961499]}, "BoneRoot/Hip/Pelvis/R_Thigh/R_Calf/R_Foot/R_ToeBase": {"location": [-0.6121030269352161, -17.45236209615281, 5.278836775985506], "rotation": [-0.0028350927098104, 0.102120097707786, -0.9943189672997635, 0.029887106942808]}}}, {"frame": 36, "pose": "walk_L_Foot_H_Together", "deltaLocation": [0.0516724, -0.0816032, 0.0], "deltaRotation": [0.0, 0.0, -0.0258563, 0.999666], "poseID": null, "globalTransform": {"BoneRoot/Hip/Pelvis/L_Thigh/L_Calf/L_Foot": {"location": [13.76328737843269, 2.2524558405266575, 30.927252066635383], "rotation": [0.1011241617740202, 0.4610956576310951, -0.810298745004684, 0.3472472350690266]}, "BoneRoot/Hip/Pelvis/L_Thigh/L_Calf/L_Foot/L_ToeBase": {"location": [23.74249157910332, -2.822527576746566, 20.628594080683815], "rotation": [0.1438804900048964, 0.4157524439940577, -0.8393472629540627, 0.3192874599486211]}, "BoneRoot/Hip/Pelvis/R_Thigh/R_Calf/R_Foot": {"location": [-6.147912224059624, 4.372979168520025, 10.083472391193837], "rotation": [-0.0096725124192011, 0.1911990584639874, -0.9809918873594607, 0.0316903688982687]}, "BoneRoot/Hip/Pelvis/R_Thigh/R_Calf/R_Foot/R_ToeBase": {"location": [-5.258565513601646, -9.695717304254488, 4.368004298583421], "rotation": [-0.0344382770677015, 0.1278616447366684, -0.9900612604262908, 0.0473719904684917]}}}, {"frame": 45, "pose": "walk_L_Foot_Low", "deltaLocation": [0.09834, -0.135132, 0.0], "deltaRotation": [0.0, 0.0, 0.00238058, 0.999997], "poseID": null, "globalTransform": {"BoneRoot/Hip/Pelvis/L_Thigh/L_Calf/L_Foot": {"location": [26.921512542398368, -25.78707170574947, 13.594589521561376], "rotation": [0.0925903628992934, 0.029064163009324, -0.9872803125944376, 0.1259360293568689]}, "BoneRoot/Hip/Pelvis/L_Thigh/L_Calf/L_Foot/L_ToeBase": {"location": [30.786265459316624, -40.490761463206624, 13.076467573178247], "rotation": [0.1291173535039705, -0.0335477472164559, -0.9849229695875356, 0.1101362867528322]}, "BoneRoot/Hip/Pelvis/R_Thigh/R_Calf/R_Foot": {"location": [-15.70902142885094, 18.444383940926144, 9.89278529123128], "rotation": [-0.0101598757718245, 0.19306733154179, -0.980694544809076, 0.0293256235628946]}, "BoneRoot/Hip/Pelvis/R_Thigh/R_Calf/R_Foot/R_ToeBase": {"location": [-14.893911935243755, 4.393145038910497, 4.123575358058661], "rotation": [-0.0350454583687681, 0.1298177076448503, -0.9898916847394088, 0.0450957992870042]}}}, {"frame": 48, "pose": "walk_L_Foot_High2", "deltaLocation": [0.0359472, -0.0488348, 0.0], "deltaRotation": [0.0, 0.0, -0.0209427, 0.999781], "poseID": null, "globalTransform": {"BoneRoot/Hip/Pelvis/L_Thigh/L_Calf/L_Foot": {"location": [27.645767352583903, -28.548498413536663, 11.563996178560298],