{"02001_10_MOB1_Walk_R_CIR_Loop": {"frameRate": 60, "standalone": true, "isLoop": true, "secondsStart": 0.0, "secondsEnd": 1.2, "groundBoneL": "L_MidToe1", "groundBoneR": "R_MidToe1", "moveList": ["Walk"], "criticalPoses": [{"frame": 0, "pose": "walk_R_Foot_H_Together", "deltaLocation": [-0.00314599, -0.0222552, 0.0], "deltaRotation": [0.0, 0.0, -0.00956591, 0.999954], "poseID": -1, "globalTransform": {"BoneRoot/Hip/Pelvis/L_Thigh/L_Calf/L_Foot": {"location": [2.4288416444524685, 6.200741758733777, 10.360053431343086], "rotation": [0.0204879808134637, 0.2087263471805379, -0.9769826701856968, 0.0389668678710891]}, "BoneRoot/Hip/Pelvis/L_Thigh/L_Calf/L_Foot/L_ToeBase": {"location": [3.7173412640634353, -7.63952882195143, 4.18034191895377], "rotation": [0.0498992325425548, 0.134422853078891, -0.9892966578812458, 0.0270681707322876]}, "BoneRoot/Hip/Pelvis/R_Thigh/R_Calf/R_Foot": {"location": [-7.299009096893712, 6.112526942379148, 25.666088962366356], "rotation": [0.0116805039124963, -0.5622204595722412, 0.8089218040680708, 0.171514534573563]}, "BoneRoot/Hip/Pelvis/R_Thigh/R_Calf/R_Foot/R_ToeBase": {"location": [-11.719870410045251, 1.4124575460056974, 11.891090841857729], "rotation": [0.0196943676637837, -0.504261741637247, 0.8496507419161202, 0.1530550376978181]}}}, {"frame": 9, "pose": "walk_R_Foot_Low", "deltaLocation": [-0.0469476, -0.195815, 0.0], "deltaRotation": [0.0, 0.0, -0.0975062, 0.995235], "poseID": null, "globalTransform": {"BoneRoot/Hip/Pelvis/L_Thigh/L_Calf/L_Foot": {"location": [1.8533349340103384, 28.70622676325861, 10.499300835761774], "rotation": [-0.00413100955026, 0.2292081333735797, -0.9632382114269749, 0.1400668212049439]}, "BoneRoot/Hip/Pelvis/L_Thigh/L_Calf/L_Foot/L_ToeBase": {"location": [5.929406518653163, 15.689554179058993, 3.7647434798315818], "rotation": [0.0344370872475938, 0.1442680161465988, -0.9800233034286062, 0.1324958538064806]}, "BoneRoot/Hip/Pelvis/R_Thigh/R_Calf/R_Foot": {"location": [-12.014386975978123, -31.850635610275965, 11.766135965898076], "rotation": [-0.0342144575078032, -0.106535106080471, 0.9760962754774166, 0.1863215045800802]}, "BoneRoot/Hip/Pelvis/R_Thigh/R_Calf/R_Foot/R_ToeBase": {"location": [-17.436567096097846, -45.66051771460063, 8.408663638465038], "rotation": [0.0061529518144803, -0.0466369359098101, 0.9829574901044152, 0.1777124363699445]}}}, {"frame": 13, "pose": "walk_R_Foot_High2", "deltaLocation": [0.00317234, -0.110821, 0.0], "deltaRotation": [0.0, 0.0, 0.0164576, 0.999865], "poseID": null, "globalTransform": {"BoneRoot/Hip/Pelvis/L_Thigh/L_Calf/L_Foot": {"location": [3.946641603778738, 39.19383588982513, 12.015093356365313], "rotation": [-0.0120581109759301, 0.2772792791486099, -0.9564031588014456, 0.0909054517019547]}, "BoneRoot/Hip/Pelvis/L_Thigh/L_Calf/L_Foot/L_ToeBase": {"location": [6.490206245895696, 26.572415880701264, 3.913702152933108], "rotation": [0.0252354788796966, 0.142139843368986, -0.9828487083645612, 0.1147512614260362]}, "BoneRoot/Hip/Pelvis/R_Thigh/R_Calf/R_Foot": {"location": [-13.655623627171012, -39.88858532774333, 11.794560156746828], "rotation": [-0.0885554315788401, 0.0831254402454268, 0.965678535157721, 0.2295932565593501]}, "BoneRoot/Hip/Pelvis/R_Thigh/R_Calf/R_Foot/R_ToeBase": {"location": [-20.624848619212564, -53.2859634701065, 13.618168472019857], "rotation": [-0.0489736686922001, 0.113769597305666, 0.9658256298444138, 0.2276816005727616]}}}, {"frame": 20, "pose": "walk_R_touched_ground", "deltaLocation": [0.0286343, -0.147539, 0.0], "deltaRotation": [0.0, 0.0, 0.129275, 0.991609], "poseID": null, "globalTransform": {"BoneRoot/Hip/Pelvis/L_Thigh/L_Calf/L_Foot": {"location": [15.28492425817529, 45.99447501842695, 18.684514900562323], "rotation": [-0.0395376240047844, -0.4810255361247906, 0.8734876307652724, 0.0638010092708989]}, "BoneRoot/Hip/Pelvis/L_Thigh/L_Calf/L_Foot/L_ToeBase": {"location": [14.168191347954462, 37.94594509211847, 5.824621147502827], "rotation": [-0.0430913147613603, -0.1443139709057924, 0.9884224201972682, 0.01837758539402]}, "BoneRoot/Hip/Pelvis/R_Thigh/R_Calf/R_Foot": {"location": [-15.690635533436192, -30.658736283367222, 10.328741498839312], "rotation": [-0.054777683062211, -0.1844172052074519, 0.925334236082176, 0.3267204483897885]}, "BoneRoot/Hip/Pelvis/R_Thigh/R_Calf/R_Foot/R_ToeBase": {"location": [-24.581011068927893, -41.587852137659105, 4.592778898834719], "rotation": [-0.0088097827411614, -0.1336015473524839, 0.9398800738689862, 0.3141631121202878]}}}, {"frame": 29, "pose": "walk_L_Foot_High1", "deltaLocation": [-0.0948136, -0.223312, 0.0], "deltaRotation": [0.0, 0.0, -0.171317, 0.985216], "poseID": null, "globalTransform": {"BoneRoot/Hip/Pelvis/L_Thigh/L_Calf/L_Foot": {"location": [11.536577463504916, 28.03683398222867, 31.57055233459789], "rotation": [0.0021810301009653, 0.7537005834917883, -0.6526997616209131, 0.0769005509202626]}, "BoneRoot/Hip/Pelvis/L_Thigh/L_Calf/L_Foot/L_ToeBase": {"location": [13.113824846699249, 30.287462646086688, 16.608952658213855], "rotation": [0.0359895401455093, 0.7007290276524628, -0.7100090010869795, 0.0597561811097264]}, "BoneRoot/Hip/Pelvis/R_Thigh/R_Calf/R_Foot": {"location": [-3.1042564861911153, -10.109238870970763, 10.138524057933536], "rotation": [-0.0235404393201293, -0.2065501588947447, 0.9646317437639332, 0.1620755333174155]}, "BoneRoot/Hip/Pelvis/R_Thigh/R_Calf/R_Foot/R_ToeBase": {"location": [-7.712884145135874, -23.22347709536567, 3.9609656365891177], "rotation": [0.0127680905877434, -0.1495376925468405, 0.9775779832409616, 0.1477049120816376]}}}, {"frame": 36, "pose": "walk_L_Foot_H_Together", "deltaLocation": [-0.0206237, -0.148158, 0.0], "deltaRotation": [0.0, 0.0, -0.12857, 0.9917], "poseID": null, "globalTransform": {"BoneRoot/Hip/Pelvis/L_Thigh/L_Calf/L_Foot": {"location": [8.522485650462293, 3.4396312573430814, 24.40982078472536], "rotation": [0.0243983080831348, 0.4975974482497424, -0.8565698408285295, 0.1344976202057607]}, "BoneRoot/Hip/Pelvis/L_Thigh/L_Calf/L_Foot/L_ToeBase": {"location": [12.397026602763043, -3.688922991389585, 11.542267863638696], "rotation": [0.0497143766058066, 0.4375566733109742, -0.8931036311856233, 0.0918615390834682]}, "BoneRoot/Hip/Pelvis/R_Thigh/R_Calf/R_Foot": {"location": [-2.1845187848453307, 4.281116003806055, 10.130587146318712], "rotation": [0.0048933260708397, -0.20811979892146, 0.977386111023174, 0.0371294308581699]}, "BoneRoot/Hip/Pelvis/R_Thigh/R_Calf/R_Foot/R_ToeBase": {"location": [-3.3197002887721254, -9.570609009710276, 3.947794356521856], "rotation": [0.0333167323941255, -0.1471374996470973, 0.988331995081468, 0.0209861630238597]}}}, {"frame": 45, "pose": "walk_L_Foot_Low", "deltaLocation": [-0.0104191, -0.213059, 0.0], "deltaRotation": [0.0, 0.0, -0.0929071, 0.995675], "poseID": null, "globalTransform": {"BoneRoot/Hip/Pelvis/L_Thigh/L_Calf/L_Foot": {"location": [3.3555218990010403, -34.07615711133654, 12.442395643520875], "rotation": [0.0450610274749211, -0.0691065086748933, 0.9965718252313815, 0.0061960807502821]}, "BoneRoot/Hip/Pelvis/L_Thigh/L_Calf/L_Foot/L_ToeBase": {"location": [3.0730858148827025, -49.14160368634447, 10.35567223127013], "rotation": [0.0132536480802661, 0.0103901786509594, 0.9992160605584476, 0.0358280521689722]}, "BoneRoot/Hip/Pelvis/R_Thigh/R_Calf/R_Foot": {"location": [-4.974054005365547, 25.056078702651924, 10.020465164663635], "rotation": [-0.0450389668450501, 0.202069349544793, -0.9779261291633468, 0.0282834817458525]}, "BoneRoot/Hip/Pelvis/R_Thigh/R_Calf/R_Foot/R_ToeBase": {"location": [-4.409611584776346, 11.111243876647574, 3.970008683289043], "rotation": [-0.061563374404512, 0.1362238128405007, -0.9863894314566536, 0.0684756398856253]}}}, {"frame": 49, "pose": "walk_L_Foot_High2", "deltaLocation": [0.0200401, -0.0992886, 0.0], "deltaRotation": [0.0, 0.0, 0.00111434, 0.999999], "poseID": null, "globalTransform": {"BoneRoot/Hip/Pelvis/L_Thigh/L_Calf/L_Foot": {"location": [0.7147852289558116, -42.50996242095121, 12.90508579157764],