{"02001_13_MOB1_Stand_Relaxed_To_Walk_L90_Fwd": {"frameRate": 60, "standalone": true, "isLoop": false, "secondsStart": 0.016666666666666666, "secondsEnd": 1.2333333333333334, "groundBoneL": "L_MidToe1", "groundBoneR": "R_MidToe1", "moveList": ["Transition", "Walk"], "criticalPoses": [{"frame": 1, "pose": "idleToWalk_wL_neutral_fL_aboutBendKnees", "deltaLocation": [0.0, 0.0, 0.0], "deltaRotation": [0.0, 0.0, 0.0, 1.0], "poseID": 111, "globalTransform": {"BoneRoot/Hip/Pelvis/L_Thigh/L_Calf/L_Foot": {"location": [15.614630282155332, -0.9438469614160908, 10.273904178115735], "rotation": [-0.0195072124305758, 0.1992379892486349, -0.9700258658121148, 0.1377443717863134]}, "BoneRoot/Hip/Pelvis/L_Thigh/L_Calf/L_Foot/L_ToeBase": {"location": [19.561652213982835, -14.370806831471644, 4.312345402014904], "rotation": [0.0162991401024404, 0.1367257092236435, -0.9825861543704576, 0.1247592389712608]}, "BoneRoot/Hip/Pelvis/R_Thigh/R_Calf/R_Foot": {"location": [-16.170385659734606, 0.2786978015708147, 10.17482728346421], "rotation": [-0.0414732928794681, -0.2036797002061782, 0.9431179240590152, 0.2594670056486352]}, "BoneRoot/Hip/Pelvis/R_Thigh/R_Calf/R_Foot/R_ToeBase": {"location": [-23.358238722653137, -11.622366034830913, 4.0035127227203295], "rotation": [0.0006034426294867, -0.1507174607139205, 0.9573855856930256, 0.2463670497452186]}}}, {"frame": 10, "pose": "idleToWalk_wL_neutral_fL", "deltaLocation": [0.0192271, 0.00551843, 0.0], "deltaRotation": [0.0, 0.0, 0.0863124, 0.996268], "poseID": null, "globalTransform": {"BoneRoot/Hip/Pelvis/L_Thigh/L_Calf/L_Foot": {"location": [13.23972768200115, -3.891693859016218, 10.715484850940104], "rotation": [-0.0026564216647524, 0.2053666698736557, -0.977225801339161, 0.0533592309350374]}, "BoneRoot/Hip/Pelvis/L_Thigh/L_Calf/L_Foot/L_ToeBase": {"location": [14.809718869233611, -17.73386392759713, 4.605497811597178], "rotation": [0.0275154852295277, 0.1400469022043234, -0.9889849793605124, 0.0392233840309963]}, "BoneRoot/Hip/Pelvis/R_Thigh/R_Calf/R_Foot": {"location": [-17.504972477071302, 3.5842128152632897, 10.123782841645504], "rotation": [-0.0628351824566877, -0.1976857420433113, 0.9147193001488172, 0.3467862297924737]}, "BoneRoot/Hip/Pelvis/R_Thigh/R_Calf/R_Foot/R_ToeBase": {"location": [-26.777668900191273, -6.779508391035817, 3.959696952181632], "rotation": [-0.0140296717946258, -0.1480768485607386, 0.9302064393306848, 0.3355479033720587]}}}, {"frame": 22, "pose": "idleToWalk_wL_lean_fL_aboutToLift", "deltaLocation": [0.078766, -0.0333703, 0.0], "deltaRotation": [0.0, 0.0, 0.170052, 0.985435], "poseID": null, "globalTransform": {"BoneRoot/Hip/Pelvis/L_Thigh/L_Calf/L_Foot": {"location": [5.02873758268964, -2.248092068102368, 10.418329058691596], "rotation": [-0.019728323800491, -0.1954433078510284, 0.9736182876066668, 0.1161039908622142]}, "BoneRoot/Hip/Pelvis/L_Thigh/L_Calf/L_Foot/L_ToeBase": {"location": [1.7070509952408912, -15.887824413108405, 4.559457902958792], "rotation": [-0.0383121125653537, -0.1256811521316691, 0.9826403450236088, 0.1309747394023712]}, "BoneRoot/Hip/Pelvis/R_Thigh/R_Calf/R_Foot": {"location": [-22.64234488763638, 14.096538210914376, 11.897970163827653], "rotation": [-0.1064143943980005, -0.2322128312329671, 0.832499286149341, 0.4916280262927593]}, "BoneRoot/Hip/Pelvis/R_Thigh/R_Calf/R_Foot/R_ToeBase": {"location": [-34.342099303072494, 7.878882894652891, 4.425228676326514], "rotation": [-0.0459242199011282, -0.1488103651773061, 0.8601014313314364, 0.4857694608184877]}}}, {"frame": 35, "pose": "idleToWalk_R_Foot_High1", "deltaLocation": [0.097056, -0.0914107, 0.0], "deltaRotation": [0.0, 0.0, 0.22173, 0.975108], "poseID": null, "globalTransform": {"BoneRoot/Hip/Pelvis/L_Thigh/L_Calf/L_Foot": {"location": [-1.25437027752141, 8.155947158279622, 10.40254940360199], "rotation": [-0.0616488080414177, -0.1930617720082691, 0.922247740553268, 0.3292198075761718]}, "BoneRoot/Hip/Pelvis/L_Thigh/L_Calf/L_Foot/L_ToeBase": {"location": [-10.129511636930506, -2.624604795875838, 4.368154329849821], "rotation": [-0.0642009933748591, -0.1209754314532553, 0.9282430930539388, 0.3458438052532341]}, "BoneRoot/Hip/Pelvis/R_Thigh/R_Calf/R_Foot": {"location": [-20.709908874482355, 7.939533575074781, 26.49569594284497], "rotation": [0.091027631284779, -0.4850252528297772, 0.8223655793589376, 0.2831595457436176]}, "BoneRoot/Hip/Pelvis/R_Thigh/R_Calf/R_Foot/R_ToeBase": {"location": [-29.137489862855944, 2.3243641529801953, 15.145309100262548], "rotation": [0.1288441458519619, -0.4412771360577733, 0.850847256609953, 0.2544260623278298]}}}, {"frame": 39, "pose": "idleToWalk_R_Foot_H_Together", "deltaLocation": [0.0099723, -0.0439578, 0.0], "deltaRotation": [0.0, 0.0, 0.0562221, 0.998418], "poseID": null, "globalTransform": {"BoneRoot/Hip/Pelvis/L_Thigh/L_Calf/L_Foot": {"location": [-0.8550255460355061, 12.70155280746833, 10.438853497953057], "rotation": [-0.0738686594089733, -0.1917914401320709, 0.90173103032777, 0.3803164650566757]}, "BoneRoot/Hip/Pelvis/L_Thigh/L_Calf/L_Foot/L_ToeBase": {"location": [-10.857556585674477, 3.009136237140556, 4.3225831227268525], "rotation": [-0.0756870477792839, -0.1155481306428152, 0.9074577575076006, 0.3967877501167143]}, "BoneRoot/Hip/Pelvis/R_Thigh/R_Calf/R_Foot": {"location": [-16.97318401941609, -3.171090229391119, 23.811681216057895], "rotation": [0.0698799297853741, -0.3736170607069834, 0.8977999622799301, 0.2224462071873146]}, "BoneRoot/Hip/Pelvis/R_Thigh/R_Calf/R_Foot/R_ToeBase": {"location": [-23.843402016739255, -12.63036943634226, 14.07989751738778], "rotation": [0.1070328078308634, -0.32327322417949, 0.9191803764366628, 0.1978530670730016]}}}, {"frame": 46, "pose": "idleToWalk_R_Foot_Low", "deltaLocation": [0.00656157, -0.101396, 0.0], "deltaRotation": [0.0, 0.0, 0.0644029, 0.997924], "poseID": null, "globalTransform": {"BoneRoot/Hip/Pelvis/L_Thigh/L_Calf/L_Foot": {"location": [1.5464891541602386, 22.688802803531644, 10.222623565669476], "rotation": [-0.0723939492436916, -0.1940675724615385, 0.8736512074273004, 0.4402618098275248]}, "BoneRoot/Hip/Pelvis/L_Thigh/L_Calf/L_Foot/L_ToeBase": {"location": [-9.72808286957883, 14.519633828469791, 4.094731397146553], "rotation": [-0.0660166266137757, -0.1220722985110174, 0.8786160182099079, 0.4569179920858241]}, "BoneRoot/Hip/Pelvis/R_Thigh/R_Calf/R_Foot": {"location": [-10.03310961933311, -26.86395995939031, 14.555927003699503], "rotation": [-0.0399117349711868, -0.1645485209634933, 0.9844363483716084, 0.0470734921701161]}, "BoneRoot/Hip/Pelvis/R_Thigh/R_Calf/R_Foot/R_ToeBase": {"location": [-11.2432917497098, -41.18418934514854, 9.57072659910287], "rotation": [-0.0093507006510758, -0.1026442127039768, 0.9940496387855656, 0.0352426676913239]}}}, {"frame": 51, "pose": "idleToWalk_R_Foot_High2", "deltaLocation": [-0.00737245, -0.0900166, 0.0], "deltaRotation": [0.0, 0.0, 0.0190308, 0.999819], "poseID": null, "globalTransform": {"BoneRoot/Hip/Pelvis/L_Thigh/L_Calf/L_Foot": {"location": [3.4271858100724453, 31.410333026633825, 10.456522902879314], "rotation": [-0.0740214690761142, -0.20658312720421, 0.8620525762694861, 0.4568474465480627]}, "BoneRoot/Hip/Pelvis/L_Thigh/L_Calf/L_Foot/L_ToeBase": {"location": [-8.089228707186486, 23.84639948826349, 4.009720479687915], "rotation": [-0.0663407383827273, -0.1344748728653671, 0.8677794392672877, 0.4737871460726109]}, "BoneRoot/Hip/Pelvis/R_Thigh/R_Calf/R_Foot": {"location": [-4.754726887994206, -36.707419192530025, 11.972884668391208], "rotation": [-0.118666558817831, -0.0365883483905559, 0.9921221368360758, 0.0165289497610873]}, "BoneRoot/Hip/Pelvis/R_Thigh/R_Calf/R_Foot/R_ToeBase": {"location": [-5.121709914691948, -51.86973695943939, 10.8089135521442], "rotation": [-0.0885949066864401, 0.0282985078977701, 0.9955728284666546, 0.0135970650835356]}}}, {"frame": 55, "pose": "idleToWalk_R_touched_ground", "deltaLocation": [-0.00266646, -0.0763237, 0.0], "deltaRotation": [0.0, 0.0, 0.0116769, 0.999932], "poseID": null,