{"02001_36_MOB1_Walk_F_To_Stand_Relaxed_cleaned": {"frameRate": 60, "standalone": true, "isLoop": false, "secondsStart": 0.016666666666666666, "secondsEnd": 0.95, "groundBoneL": "L_MidToe1", "groundBoneR": "R_MidToe1", "moveList": ["Transition", "Idle"], "criticalPoses": [{"frame": 1, "pose": "walkToIdle_R_Foot_High1", "deltaLocation": [0.0, 0.0, 0.0], "deltaRotation": [0.0, 0.0, 0.0, 1.0], "poseID": 117, "globalTransform": {"BoneRoot/Hip/Pelvis/L_Thigh/L_Calf/L_Foot": {"location": [5.512189160999574, -16.84336733969587, 9.451762914624032], "rotation": [-0.0241072415887778, 0.2022408994673275, -0.968102689578095, 0.1459268375497982]}, "BoneRoot/Hip/Pelvis/L_Thigh/L_Calf/L_Foot/L_ToeBase": {"location": [9.662060290304176, -30.16301124394271, 3.3881401425086373], "rotation": [0.012014697184549, 0.1436334094357476, -0.9805803399906502, 0.1329935621345912]}, "BoneRoot/Hip/Pelvis/R_Thigh/R_Calf/R_Foot": {"location": [-13.290811622106476, 41.40612691165126, 31.245431691459927], "rotation": [0.0540357001692096, -0.7592627305336157, 0.6411003030234916, 0.0979318670967157]}, "BoneRoot/Hip/Pelvis/R_Thigh/R_Calf/R_Foot/R_ToeBase": {"location": [-16.449204029775032, 44.02454226080438, 16.59778301602304], "rotation": [0.0730416382063088, -0.6825940924567235, 0.7240778628690158, 0.0666443736136774]}}}, {"frame": 19, "pose": "walkToIdle_wL_neutral_to_wlean_fR", "deltaLocation": [-0.0736119, -0.0666117, 0.0], "deltaRotation": [0.0, 0.0, 0.000876711, 1.0], "poseID": null, "globalTransform": {"BoneRoot/Hip/Pelvis/L_Thigh/L_Calf/L_Foot": {"location": [12.93486626935203, -10.385773195577595, 10.307281385987515], "rotation": [-0.0254199386313537, 0.2174850523280617, -0.9651142999714724, 0.1435564931461236]}, "BoneRoot/Hip/Pelvis/L_Thigh/L_Calf/L_Foot/L_ToeBase": {"location": [16.982010700550237, -23.531654396931323, 3.8104366912740577], "rotation": [0.0172895870049454, 0.1157880506422392, -0.9840935047365824, 0.1336195024872452]}, "BoneRoot/Hip/Pelvis/R_Thigh/R_Calf/R_Foot": {"location": [-19.575582203759176, -9.482793567996254, 10.829939417819162], "rotation": [-0.0370280783803793, -0.2238441241677874, 0.944397548185947, 0.237983193665823]}, "BoneRoot/Hip/Pelvis/R_Thigh/R_Calf/R_Foot/R_ToeBase": {"location": [-26.16111329662692, -21.44673104675213, 4.13064544930067], "rotation": [-0.0069620963183206, -0.1482144008418782, 0.9594634021731574, 0.2396121876872032]}}}, {"frame": 30, "pose": "walkToIdle_wR_neutral_to_wlean_fL", "deltaLocation": [-0.0314289, -0.0262715, 0.0], "deltaRotation": [0.0, 0.0, 0.0249561, 0.999689], "poseID": null, "globalTransform": {"BoneRoot/Hip/Pelvis/L_Thigh/L_Calf/L_Foot": {"location": [15.550043505343895, -8.676015666902773, 10.512088251208109], "rotation": [-0.0211372221122558, 0.2246644458033067, -0.9662724569083824, 0.1240832126176178]}, "BoneRoot/Hip/Pelvis/L_Thigh/L_Calf/L_Foot/L_ToeBase": {"location": [19.053496302085936, -21.883885949729, 3.8277572032763816], "rotation": [0.0215659821796078, 0.1151712490202155, -0.987091609255886, 0.1091817143498742]}, "BoneRoot/Hip/Pelvis/R_Thigh/R_Calf/R_Foot": {"location": [-16.348372417867203, -5.856117985972558, 10.241784284850882], "rotation": [-0.0530877157716482, -0.2000671296073559, 0.9385866131397588, 0.276061601313292]}, "BoneRoot/Hip/Pelvis/R_Thigh/R_Calf/R_Foot/R_ToeBase": {"location": [-23.908165660348523, -17.531182027045865, 4.0832111352592575], "rotation": [-0.01066181299606, -0.1479977585979281, 0.9531785029304428, 0.2635028097476495]}}}, {"frame": 57, "pose": "wL_neutral_to_wlean_fL", "deltaLocation": [-0.00118275, -0.0681017, 0.0], "deltaRotation": [0.0, 0.0, -0.0189341, 0.999821], "poseID": 111, "globalTransform": {"BoneRoot/Hip/Pelvis/L_Thigh/L_Calf/L_Foot": {"location": [15.61463028215532, -0.9438469614160864, 10.273904178115734], "rotation": [-0.0195072124305759, 0.1992379892486349, -0.9700258658121148, 0.1377443717863132]}, "BoneRoot/Hip/Pelvis/L_Thigh/L_Calf/L_Foot/L_ToeBase": {"location": [19.561652213982825, -14.370806831471644, 4.312345402014898], "rotation": [0.0162991401024403, 0.1367257092236437, -0.9825861543704576, 0.1247592389712607]}, "BoneRoot/Hip/Pelvis/R_Thigh/R_Calf/R_Foot": {"location": [-16.1703856597346, 0.2786978015708128, 10.174827283464216], "rotation": [-0.0414732928794682, -0.2036797002061783, 0.9431179240590152, 0.2594670056486352]}, "BoneRoot/Hip/Pelvis/R_Thigh/R_Calf/R_Foot/R_ToeBase": {"location": [-23.358238722653127, -11.62236603483091, 4.003512722720332], "rotation": [0.0006034426294865, -0.1507174607139206, 0.9573855856930256, 0.2463670497452186]}}}], "rootMovement": [{"frame": 1, "deltaLocation": [0.0, 0.0, -0.0], "deltaRotation": [0, 0, 0, 1], "footOnGround": 1}]}}