{"02001_12_MOB1_Stand_Relaxed_To_Walk_L45_Fwd": {"frameRate": 60, "standalone": true, "isLoop": false, "secondsStart": 0.016666666666666666, "secondsEnd": 1.1666666666666667, "groundBoneL": "L_MidToe1", "groundBoneR": "R_MidToe1", "moveList": ["Transition", "Walk"], "criticalPoses": [{"frame": 1, "pose": "idleToWalk_wL_neutral_fL_aboutBendKnees", "deltaLocation": [0.0, 0.0, 0.0], "deltaRotation": [0.0, 0.0, 0.0, 1.0], "poseID": 111, "globalTransform": {"BoneRoot/Hip/Pelvis/L_Thigh/L_Calf/L_Foot": {"location": [15.61463028215534, -0.94384696141609, 10.273904178115735], "rotation": [-0.0195072124305757, 0.1992379892486349, -0.9700258658121148, 0.1377443717863133]}, "BoneRoot/Hip/Pelvis/L_Thigh/L_Calf/L_Foot/L_ToeBase": {"location": [19.56165221398285, -14.370806831471649, 4.312345402014902], "rotation": [0.0162991401024404, 0.1367257092236437, -0.9825861543704576, 0.1247592389712607]}, "BoneRoot/Hip/Pelvis/R_Thigh/R_Calf/R_Foot": {"location": [-16.1703856597346, 0.2786978015708125, 10.17482728346421], "rotation": [-0.0414732928794682, -0.2036797002061783, 0.9431179240590152, 0.2594670056486351]}, "BoneRoot/Hip/Pelvis/R_Thigh/R_Calf/R_Foot/R_ToeBase": {"location": [-23.358238722653123, -11.622366034830913, 4.003512722720326], "rotation": [0.0006034426294865, -0.1507174607139206, 0.9573855856930256, 0.2463670497452186]}}}, {"frame": 10, "pose": "idleToWalk_wL_neutral_fL", "deltaLocation": [0.0135569, -0.0116443, 0.0], "deltaRotation": [0.0, 0.0, 0.0639321, 0.997954], "poseID": null, "globalTransform": {"BoneRoot/Hip/Pelvis/L_Thigh/L_Calf/L_Foot": {"location": [14.161931805412753, -1.5855934900774036, 10.355407497980336], "rotation": [-0.0061207077175157, 0.1987813844075424, -0.9771057487988808, 0.0755834228798632]}, "BoneRoot/Hip/Pelvis/L_Thigh/L_Calf/L_Foot/L_ToeBase": {"location": [16.371965924383762, -15.421549704601633, 4.432180285354624], "rotation": [0.0256028697233343, 0.1341114865975232, -0.9887052777240136, 0.0618099993950303]}, "BoneRoot/Hip/Pelvis/R_Thigh/R_Calf/R_Foot": {"location": [-17.292828075295702, 3.7007022140293913, 10.131007096942149], "rotation": [-0.0541961122079892, -0.2027959730601778, 0.924955210480378, 0.3168508061175075]}, "BoneRoot/Hip/Pelvis/R_Thigh/R_Calf/R_Foot/R_ToeBase": {"location": [-25.8746799336484, -7.205148057076236, 3.9020616348469432], "rotation": [-0.010590126335145, -0.1511862005677419, 0.9403862769402178, 0.3044736969339257]}}}, {"frame": 22, "pose": "idleToWalk_wL_lean_fL_aboutToLift", "deltaLocation": [0.0690119, -0.0583001, 0.0], "deltaRotation": [0.0, 0.0, 0.0667519, 0.99777], "poseID": null, "globalTransform": {"BoneRoot/Hip/Pelvis/L_Thigh/L_Calf/L_Foot": {"location": [7.802242407301184, 3.254160781017835, 10.345754941549576], "rotation": [0.0037709701846683, 0.1975563938525862, -0.9802381273187196, 0.0095112976253352]}, "BoneRoot/Hip/Pelvis/L_Thigh/L_Calf/L_Foot/L_ToeBase": {"location": [8.108724665301342, -10.767633128309413, 4.455285041689254], "rotation": [-0.0310518491437202, -0.1308632318867093, 0.990902650577287, 0.0047470289474736]}, "BoneRoot/Hip/Pelvis/R_Thigh/R_Calf/R_Foot": {"location": [-21.548635326530786, 9.082176387138098, 12.86201602614526], "rotation": [0.0008089656794019, -0.2783946118145144, 0.871717136360402, 0.4032431274836504]}, "BoneRoot/Hip/Pelvis/R_Thigh/R_Calf/R_Foot/R_ToeBase": {"location": [-32.24962714659861, 1.175642252078032, 5.489017347912039], "rotation": [0.0204794504535961, -0.2095749080219713, 0.8987944117446721, 0.384483491782482]}}}, {"frame": 29, "pose": "idleToWalk_R_Foot_High1", "deltaLocation": [0.0410334, -0.0690483, 0.0], "deltaRotation": [0.0, 0.0, 0.0545683, 0.99851], "poseID": null, "globalTransform": {"BoneRoot/Hip/Pelvis/L_Thigh/L_Calf/L_Foot": {"location": [4.91835259823198, 9.694677878304258, 10.307527229818769], "rotation": [-0.0032094490827514, -0.1966066815082902, 0.9793872841578468, 0.0462175275496188]}, "BoneRoot/Hip/Pelvis/L_Thigh/L_Calf/L_Foot/L_ToeBase": {"location": [3.5605870949814307, -4.276284173993712, 4.444856712545594], "rotation": [-0.0266852993017224, -0.1283671454670976, 0.9895349942433436, 0.0602516882222624]}, "BoneRoot/Hip/Pelvis/R_Thigh/R_Calf/R_Foot": {"location": [-14.602841314533553, 2.804257968505619, 21.00946670776353], "rotation": [0.0726108127134822, -0.4072058903072872, 0.866649685132893, 0.2789791318991345]}, "BoneRoot/Hip/Pelvis/R_Thigh/R_Calf/R_Foot/R_ToeBase": {"location": [-22.858039487146865, -4.994731307088553, 10.889511516680942], "rotation": [0.1115674472963824, -0.3597458803765826, 0.891030524364172, 0.2533776053781297]}}}, {"frame": 35, "pose": "idleToWalk_R_Foot_H_Together", "deltaLocation": [0.0206532, -0.0793105, 0.0], "deltaRotation": [0.0, 0.0, 0.045067, 0.998984], "poseID": null, "globalTransform": {"BoneRoot/Hip/Pelvis/L_Thigh/L_Calf/L_Foot": {"location": [4.385228271793883, 17.089227337672057, 10.652082894484243], "rotation": [-0.0140405910764068, -0.2131780461920731, 0.9727748789292212, 0.0898165761326629]}, "BoneRoot/Hip/Pelvis/L_Thigh/L_Calf/L_Foot/L_ToeBase": {"location": [1.8182789636504193, 3.505284259503572, 4.30466781268171], "rotation": [-0.0440925427452484, -0.1368054255924082, 0.984211544385842, 0.1032848444854066]}, "BoneRoot/Hip/Pelvis/R_Thigh/R_Calf/R_Foot": {"location": [-7.899660882975102, -14.852139054466855, 17.973256288270385], "rotation": [-0.0629631762390221, -0.3103736739087168, 0.9357421546254332, 0.1552109565696031]}, "BoneRoot/Hip/Pelvis/R_Thigh/R_Calf/R_Foot/R_ToeBase": {"location": [-11.723828943305932, -26.399918051450037, 8.840354491097193], "rotation": [-0.0285862760321607, -0.2536540400932294, 0.9565748590185424, 0.1407373150967829]}}}, {"frame": 38, "pose": "idleToWalk_R_Foot_Low", "deltaLocation": [0.00652555, -0.0479803, 0.0], "deltaRotation": [0.0, 0.0, 0.0127883, 0.999918], "poseID": null, "globalTransform": {"BoneRoot/Hip/Pelvis/L_Thigh/L_Calf/L_Foot": {"location": [4.202686714200086, 21.693705624353328, 10.881516390944723], "rotation": [-0.0228677986730388, -0.2204888607403504, 0.9698827252928088, 0.1009416923370399]}, "BoneRoot/Hip/Pelvis/L_Thigh/L_Calf/L_Foot/L_ToeBase": {"location": [1.3776954649964033, 8.270788501470639, 4.305271885038499], "rotation": [-0.0459544570750001, -0.1355101089047102, 0.98290886009909, 0.1158247425996844]}, "BoneRoot/Hip/Pelvis/R_Thigh/R_Calf/R_Foot": {"location": [-6.038339776804342, -26.342443084758933, 14.8607390416694], "rotation": [-0.0810945654666644, -0.2199770119866526, 0.96421687356022, 0.1237723975325347]}, "BoneRoot/Hip/Pelvis/R_Thigh/R_Calf/R_Foot/R_ToeBase": {"location": [-9.126554984877384, -39.61556678113059, 8.102613012338626], "rotation": [-0.0469697069635525, -0.1604835903748723, 0.9794339602772378, 0.1129069586154648]}}}, {"frame": 46, "pose": "idleToWalk_R_Foot_High2", "deltaLocation": [0.0100308, -0.159956, 0.0], "deltaRotation": [0.0, 0.0, 0.0255391, 0.999674], "poseID": null, "globalTransform": {"BoneRoot/Hip/Pelvis/L_Thigh/L_Calf/L_Foot": {"location": [4.980465215519535, 36.83059843449479, 12.489785311895083], "rotation": [-0.0310378100520799, -0.2643703303656346, 0.9558635020074616, 0.1243782468905531]}, "BoneRoot/Hip/Pelvis/L_Thigh/L_Calf/L_Foot/L_ToeBase": {"location": [1.613203592305858, 24.215618206643057, 4.684242367071068], "rotation": [-0.0535405292715679, -0.1520902634631586, 0.9768140949726468, 0.1408410002371337]}, "BoneRoot/Hip/Pelvis/R_Thigh/R_Calf/R_Foot": {"location": [-2.9716904783397027, -46.889130145184296, 13.208700738511828], "rotation": [-0.1011080459696567, -0.0273760215355943, 0.9939044086942762, 0.0343764870683678]}, "BoneRoot/Hip/Pelvis/R_Thigh/R_Calf/R_Foot/R_ToeBase": {"location": [-3.9271152826294866, -62.04172700393281, 12.275235555862023], "rotation": [-0.0699297634634426, 0.036570816750636, 0.9964184944501532, 0.0303741248734611]}}}, {"frame": 50, "pose": "idleToWalk_R_touched_ground", "deltaLocation": [0.00995238, -0.0820139, 0.0], "deltaRotation": [0.0, 0.0, 0.0285344, 0.999593], "poseID": null,