{"02001_29_MOB1_Stand_Relaxed_R_180": {"frameRate": 60, "standalone": true, "isLoop": false, "secondsStart": 0.016666666666666666, "secondsEnd": 3.066666666666667, "groundBoneL": "L_MidToe1", "groundBoneR": "R_MidToe1", "moveList": ["Idle"], "criticalPoses": [{"frame": 1, "pose": "wL_neutral_to_wlean_fL", "deltaLocation": [0.0, 0.0, 0.0], "deltaRotation": [0.0, 0.0, 0.0, 1.0], "poseID": 111, "globalTransform": {"BoneRoot/Hip/Pelvis/L_Thigh/L_Calf/L_Foot": {"location": [15.61463028215532, -0.9438469614160996, 10.273904178115735], "rotation": [-0.0195072124305759, 0.199237989248635, -0.9700258658121148, 0.1377443717863133]}, "BoneRoot/Hip/Pelvis/L_Thigh/L_Calf/L_Foot/L_ToeBase": {"location": [19.561652213982825, -14.370806831471652, 4.312345402014901], "rotation": [0.0162991401024403, 0.1367257092236437, -0.9825861543704576, 0.1247592389712608]}, "BoneRoot/Hip/Pelvis/R_Thigh/R_Calf/R_Foot": {"location": [-16.170385659734595, 0.2786978015708169, 10.17482728346419], "rotation": [-0.0414732928794682, -0.2036797002061783, 0.9431179240590152, 0.2594670056486352]}, "BoneRoot/Hip/Pelvis/R_Thigh/R_Calf/R_Foot/R_ToeBase": {"location": [-23.358238722653123, -11.622366034830913, 4.003512722720304], "rotation": [0.0006034426294865, -0.1507174607139206, 0.9573855856930256, 0.2463670497452187]}}}, {"frame": 11, "pose": "wR_neutral_to_wlean_fL", "deltaLocation": [-0.00291668, 0.00102227, 0.0], "deltaRotation": [0.0, 0.0, -0.00766575, 0.999971], "poseID": null, "globalTransform": {"BoneRoot/Hip/Pelvis/L_Thigh/L_Calf/L_Foot": {"location": [15.947178452492915, -0.7730096136967396, 10.192997463262762], "rotation": [-0.0238330330855802, 0.1972108054042028, -0.969336342886862, 0.1446614638543767]}, "BoneRoot/Hip/Pelvis/L_Thigh/L_Calf/L_Foot/L_ToeBase": {"location": [20.070554473808063, -14.164991247197449, 4.272252768590309], "rotation": [0.012451419997993, 0.1349140457153854, -0.981944519491019, 0.1320156166909517]}, "BoneRoot/Hip/Pelvis/R_Thigh/R_Calf/R_Foot": {"location": [-15.875287860055016, -0.0725546833640268, 10.24203123282022], "rotation": [-0.0383071167224324, -0.2033863359568315, 0.9450777814528648, 0.2529714413893394]}, "BoneRoot/Hip/Pelvis/R_Thigh/R_Calf/R_Foot/R_ToeBase": {"location": [-22.91180916014455, -12.0785144102535, 4.099567681881955], "rotation": [0.0034216916129323, -0.1501438130970125, 0.95918135205068, 0.2396169052747001]}}}, {"frame": 26, "pose": "aL_q1_fR", "deltaLocation": [-0.028889, -0.00287293, 0.0], "deltaRotation": [0.0, 0.0, -0.0727094, 0.997353], "poseID": null, "globalTransform": {"BoneRoot/Hip/Pelvis/L_Thigh/L_Calf/L_Foot": {"location": [18.769358995739776, 2.101829306682193, 10.09354685286123], "rotation": [-0.0374688179701865, 0.1971843471481737, -0.9562944797995088, 0.2126388695056768]}, "BoneRoot/Hip/Pelvis/L_Thigh/L_Calf/L_Foot/L_ToeBase": {"location": [24.731291036325057, -10.551495592820984, 4.1143153066948335], "rotation": [0.0030861999504682, 0.1376259046418926, -0.9699033641024012, 0.2008408575071597]}, "BoneRoot/Hip/Pelvis/R_Thigh/R_Calf/R_Foot": {"location": [-12.873016656241294, -1.6716505553409695, 10.36994672577949], "rotation": [-0.022844750530288, -0.2055764749974086, 0.960972371933572, 0.1837077316859954]}, "BoneRoot/Hip/Pelvis/R_Thigh/R_Calf/R_Foot/R_ToeBase": {"location": [-18.10107480338749, -14.570549214502543, 4.232249860345451], "rotation": [0.0149123139905512, -0.1494512153769674, 0.9740481384391514, 0.169328618718214]}}}, {"frame": 38, "pose": "aL_q3_fR", "deltaLocation": [-0.0312766, -0.0171734, 0.0], "deltaRotation": [0.0, 0.0, -0.148343, 0.988936], "poseID": null, "globalTransform": {"BoneRoot/Hip/Pelvis/L_Thigh/L_Calf/L_Foot": {"location": [20.175021781008816, 3.837357143410771, 18.254912654095595], "rotation": [0.0367490306596665, 0.398936311681172, -0.8477660020256053, 0.3475516274991663]}, "BoneRoot/Hip/Pelvis/L_Thigh/L_Calf/L_Foot/L_ToeBase": {"location": [29.585336464501378, -2.857610642681614, 8.354130802979078], "rotation": [0.0021409655409658, 0.3027614057636677, -0.8925819159748142, 0.334108471489859]}, "BoneRoot/Hip/Pelvis/R_Thigh/R_Calf/R_Foot": {"location": [-9.448262487072022, -2.83014906250885, 10.10547427585132], "rotation": [-0.0013531931770896, -0.208210014916112, 0.9773790304975104, 0.0371078064644654]}, "BoneRoot/Hip/Pelvis/R_Thigh/R_Calf/R_Foot/R_ToeBase": {"location": [-10.543235951994834, -16.680779818258554, 3.912997768753914], "rotation": [0.027583366933669, -0.1457980335492366, 0.9886943798204848, 0.0215757871968792]}}}, {"frame": 67, "pose": "aR_q1_fR", "deltaLocation": [0.121546, -0.138518, 0.0], "deltaRotation": [0.0, 0.0, -0.45349, 0.891261], "poseID": null, "globalTransform": {"BoneRoot/Hip/Pelvis/L_Thigh/L_Calf/L_Foot": {"location": [15.313534977314248, -1.3859337849692674, 10.197148221872627], "rotation": [-0.0167577300623255, 0.2094438859356919, -0.9774369067574464, 0.021668650990552]}, "BoneRoot/Hip/Pelvis/L_Thigh/L_Calf/L_Foot/L_ToeBase": {"location": [15.851281586206872, -15.248995580751648, 3.957856375061421], "rotation": [0.0113037073147554, 0.1430606543957908, -0.989613576338234, 0.0084169407649404]}, "BoneRoot/Hip/Pelvis/R_Thigh/R_Calf/R_Foot": {"location": [-22.444997584399633, -11.812632646207366, 11.56868027977944], "rotation": [-0.008585480915949, 0.211639366277511, -0.8820247611698253, 0.4209125667432704]}, "BoneRoot/Hip/Pelvis/R_Thigh/R_Calf/R_Foot/R_ToeBase": {"location": [-11.205767201213458, -20.271564605985684, 5.779751110476597], "rotation": [-0.0065531061691336, 0.1439891784158814, -0.888703349928029, 0.4352361762599185]}}}, {"frame": 85, "pose": "aR_q3_fR", "deltaLocation": [0.107402, -0.00201748, 0.0], "deltaRotation": [0.0, 0.0, -0.324869, 0.945759], "poseID": null, "globalTransform": {"BoneRoot/Hip/Pelvis/L_Thigh/L_Calf/L_Foot": {"location": [4.285393568753086, 1.8459191373850037, 10.077128530984274], "rotation": [-0.0789335228544919, 0.1936534047803123, -0.9172804180291424, 0.3389166453378382]}, "BoneRoot/Hip/Pelvis/L_Thigh/L_Calf/L_Foot/L_ToeBase": {"location": [13.278694934195991, -8.730347917515425, 3.858988847291224], "rotation": [-0.0224592941003232, 0.135438952249766, -0.9334352512888978, 0.3314370256522843]}, "BoneRoot/Hip/Pelvis/R_Thigh/R_Calf/R_Foot": {"location": [-17.073186759859112, -0.5337534305605001, 13.888967399124024], "rotation": [-0.0672086599471277, -0.2442713747323245, 0.8972554904998276, 0.3615896517910953]}, "BoneRoot/Hip/Pelvis/R_Thigh/R_Calf/R_Foot/R_ToeBase": {"location": [-26.44417736586363, -9.95208065577927, 6.4818583264348515], "rotation": [-0.0204353499944628, -0.2015126431953511, 0.9150473178532696, 0.3488028916057956]}}}, {"frame": 104, "pose": "aL_q1_fR", "deltaLocation": [-0.0235445, -0.0019374, 0.0], "deltaRotation": [0.0, 0.0, -0.268612, 0.963249], "poseID": null, "globalTransform": {"BoneRoot/Hip/Pelvis/L_Thigh/L_Calf/L_Foot": {"location": [4.661308494592716, 4.95286323533762, 10.519523168727616], "rotation": [-0.1166941255369526, 0.1779806871936405, -0.7908064502920858, 0.573873256240153]}, "BoneRoot/Hip/Pelvis/L_Thigh/L_Calf/L_Foot/L_ToeBase": {"location": [17.836532560381585, 0.7243272104259253, 4.200095399992476], "rotation": [-0.0584326290419196, 0.1354563970242612, -0.8095566222019183, 0.5682035443549045]}, "BoneRoot/Hip/Pelvis/R_Thigh/R_Calf/R_Foot": {"location": [-17.108215242601407, -3.9720686927743536, 10.308621092487543], "rotation": [-0.0731677692560654, -0.1958135538100252, 0.8934044061405584, 0.3976582663230023]}, "BoneRoot/Hip/Pelvis/R_Thigh/R_Calf/R_Foot/R_ToeBase": {"location": [-27.480739005020787, -13.206026517641677, 4.101363807799703], "rotation": [-0.0223052202877723, -0.1516635813225989, 0.9092484768973672, 0.386998504529585]}}}, {"frame": 121, "pose": "aL_q3_fR", "deltaLocation": [-0.0464094, -0.0368845, 0.0], "deltaRotation": [0.0, 0.0, -0.11454, 0.993419], "poseID": null, "globalTransform": {"BoneRoot/Hip/Pelvis/L_Thigh/L_Calf/L_Foot": {"location": [15.59245081980256, 5.654659008137157, 17.53100046219638],