{"02001_27_MOB1_Stand_Relaxed_L_90": {"frameRate": 60, "standalone": true, "isLoop": false, "secondsStart": 0.016666666666666666, "secondsEnd": 2.3333333333333335, "groundBoneL": "L_MidToe1", "groundBoneR": "R_MidToe1", "moveList": ["Idle"], "criticalPoses": [{"frame": 1, "pose": "wL_neutral_to_wlean_fL", "deltaLocation": [0.0, 0.0, 0.0], "deltaRotation": [0.0, 0.0, 0.0, 1.0], "poseID": 111, "globalTransform": {"BoneRoot/Hip/Pelvis/L_Thigh/L_Calf/L_Foot": {"location": [15.614630282155323, -0.943846961416071, 10.273904178115735], "rotation": [-0.0195072124305759, 0.1992379892486351, -0.9700258658121148, 0.1377443717863133]}, "BoneRoot/Hip/Pelvis/L_Thigh/L_Calf/L_Foot/L_ToeBase": {"location": [19.561652213982825, -14.370806831471626, 4.312345402014897], "rotation": [0.0162991401024403, 0.1367257092236438, -0.9825861543704576, 0.1247592389712607]}, "BoneRoot/Hip/Pelvis/R_Thigh/R_Calf/R_Foot": {"location": [-16.170385659734595, 0.2786978015708169, 10.17482728346419], "rotation": [-0.0414732928794682, -0.2036797002061784, 0.9431179240590152, 0.2594670056486352]}, "BoneRoot/Hip/Pelvis/R_Thigh/R_Calf/R_Foot/R_ToeBase": {"location": [-23.358238722653123, -11.622366034830907, 4.003512722720302], "rotation": [0.0006034426294865, -0.1507174607139206, 0.9573855856930256, 0.2463670497452186]}}}, {"frame": 10, "pose": "wR_neutral_to_wlean_fL", "deltaLocation": [-0.00348114, 0.00176407, 0.0], "deltaRotation": [0.0, 0.0, 0.0112377, 0.999937], "poseID": null, "globalTransform": {"BoneRoot/Hip/Pelvis/L_Thigh/L_Calf/L_Foot": {"location": [15.970717601003765, -1.5412603432942449, 10.275647638838736], "rotation": [-0.0194722685155051, 0.2022634118557259, -0.9709500673963588, 0.1263578632549145]}, "BoneRoot/Hip/Pelvis/L_Thigh/L_Calf/L_Foot/L_ToeBase": {"location": [19.58367345313765, -15.02275314644424, 4.2260124252436615], "rotation": [0.0155630695174956, 0.1393490910086858, -0.9836163829242148, 0.1133068089098386]}, "BoneRoot/Hip/Pelvis/R_Thigh/R_Calf/R_Foot": {"location": [-15.852741602553566, 0.4045874631676875, 10.18811557040691], "rotation": [-0.042909427896585, -0.2020460206820539, 0.940927431621511, 0.2683127931096125]}, "BoneRoot/Hip/Pelvis/R_Thigh/R_Calf/R_Foot/R_ToeBase": {"location": [-23.269754180463313, -11.374602859318577, 4.054262506329085], "rotation": [-0.0003239635330709, -0.149470216509524, 0.95521169684149, 0.2554000071288702]}}}, {"frame": 19, "pose": "aL_q1_fL", "deltaLocation": [-0.0199792, 0.0124429, 0.0], "deltaRotation": [0.0, 0.0, 0.0528936, 0.9986], "poseID": null, "globalTransform": {"BoneRoot/Hip/Pelvis/L_Thigh/L_Calf/L_Foot": {"location": [17.63786754039323, -4.6537361283339145, 10.506205837662169], "rotation": [-0.0150098563977766, 0.208316979318107, -0.9749823833387, 0.0760795144430182]}, "BoneRoot/Hip/Pelvis/L_Thigh/L_Calf/L_Foot/L_ToeBase": {"location": [19.799622067448784, -18.369297790026593, 4.292294892691601], "rotation": [0.0166691166713382, 0.1436940220940207, -0.9874960649860546, 0.0626553285914153]}, "BoneRoot/Hip/Pelvis/R_Thigh/R_Calf/R_Foot": {"location": [-13.83524818771763, 0.5795869838553693, 10.138693315261085], "rotation": [-0.0499319236191409, -0.2023921667489247, 0.9247487245321764, 0.3184085588021792]}, "BoneRoot/Hip/Pelvis/R_Thigh/R_Calf/R_Foot/R_ToeBase": {"location": [-22.4858569726098, -10.301144984031058, 3.9611231603304224], "rotation": [-0.0046377658367352, -0.1522324687928471, 0.9397807835311562, 0.3059670660035889]}}}, {"frame": 35, "pose": "aL_q3_fL", "deltaLocation": [-0.0528346, 0.0363989, 0.0], "deltaRotation": [0.0, 0.0, 0.208351, 0.978054], "poseID": null, "globalTransform": {"BoneRoot/Hip/Pelvis/L_Thigh/L_Calf/L_Foot": {"location": [13.538968266280497, -5.260929494221072, 12.450914326636903], "rotation": [-0.0678070846158812, 0.1349312713531653, -0.9500004440946976, 0.2733036909864014]}, "BoneRoot/Hip/Pelvis/L_Thigh/L_Calf/L_Foot/L_ToeBase": {"location": [21.159962813665533, -17.646354350722277, 7.98730697427476], "rotation": [-0.022712612205202, 0.0774715797884773, -0.9607934305498044, 0.2652513437934519]}, "BoneRoot/Hip/Pelvis/R_Thigh/R_Calf/R_Foot": {"location": [-9.048833930054572, 0.69518876729789, 10.108510183803936], "rotation": [-0.0906684240892354, -0.1869234696988095, 0.83823776420914, 0.504178841288084]}, "BoneRoot/Hip/Pelvis/R_Thigh/R_Calf/R_Foot/R_ToeBase": {"location": [-21.39064171180854, -5.719727748733206, 3.951051108090632], "rotation": [-0.0373886481727384, -0.1459218032881959, 0.8557589830167318, 0.4949600784902811]}}}, {"frame": 51, "pose": "aR_q1_fR", "deltaLocation": [0.0108898, -0.00767466, 0.0], "deltaRotation": [0.0, 0.0, 0.235848, 0.97179], "poseID": null, "globalTransform": {"BoneRoot/Hip/Pelvis/L_Thigh/L_Calf/L_Foot": {"location": [4.917640006103826, 8.519405534653584, 10.349248219981291], "rotation": [-0.0461526770606078, 0.1898530730423559, -0.931825593277838, 0.3058215243715167]}, "BoneRoot/Hip/Pelvis/L_Thigh/L_Calf/L_Foot/L_ToeBase": {"location": [13.321164829616032, -2.750396608414822, 4.537636243620051], "rotation": [9.946645721335377e-05, 0.1345980168496517, -0.9460401637357304, 0.2947734258128389]}, "BoneRoot/Hip/Pelvis/R_Thigh/R_Calf/R_Foot": {"location": [-8.672359237455549, 5.852129870681614, 10.530783331870438], "rotation": [-0.1223274590364388, -0.1770202927599282, 0.6927780025864428, 0.6883011316634721]}, "BoneRoot/Hip/Pelvis/R_Thigh/R_Calf/R_Foot/R_ToeBase": {"location": [-22.520384181103225, 6.007281422615572, 4.238419891189045], "rotation": [-0.0716594559994135, -0.1340246919427156, 0.7157258273269276, 0.6816442212860853]}}}, {"frame": 69, "pose": "aR_q3_fL", "deltaLocation": [-0.0227474, 0.00713993, 0.0], "deltaRotation": [0.0, 0.0, 0.216127, 0.976365], "poseID": null, "globalTransform": {"BoneRoot/Hip/Pelvis/L_Thigh/L_Calf/L_Foot": {"location": [9.969409382896565, 3.907375575185367, 10.249783052116744], "rotation": [-0.0155265236001033, 0.207413414005767, -0.9735340078735758, 0.0947108138967267]}, "BoneRoot/Hip/Pelvis/L_Thigh/L_Calf/L_Foot/L_ToeBase": {"location": [12.67680598971725, -9.722793060630115, 4.061810028807159], "rotation": [0.0173832010142357, 0.1434263840174401, -0.9861620509430252, 0.0813087078364099]}, "BoneRoot/Hip/Pelvis/R_Thigh/R_Calf/R_Foot": {"location": [-17.856965297577148, 13.17787768059067, 21.0189434168784], "rotation": [-0.1039823729527806, -0.3761407664814471, 0.8021545335503115, 0.4519445698429626]}, "BoneRoot/Hip/Pelvis/R_Thigh/R_Calf/R_Foot/R_ToeBase": {"location": [-27.69634052896239, 8.484819380959358, 10.410115668583186], "rotation": [-0.0553676443976212, -0.3366218504343528, 0.8313625144286094, 0.4386986703501062]}}}, {"frame": 90, "pose": "aL_q1_fL", "deltaLocation": [-0.0980622, 0.0309623, 0.0], "deltaRotation": [0.0, 0.0, 0.0644658, 0.99792], "poseID": null, "globalTransform": {"BoneRoot/Hip/Pelvis/L_Thigh/L_Calf/L_Foot": {"location": [19.750568753649357, -1.805942348068042, 10.459391480549463], "rotation": [-0.0034491257154558, 0.2116828883637453, -0.9768326965032574, 0.0312464613669493]}, "BoneRoot/Hip/Pelvis/L_Thigh/L_Calf/L_Foot/L_ToeBase": {"location": [20.65712876265332, -15.624899610154824, 4.165200461119291], "rotation": [0.0251884829101123, 0.1457135962413511, -0.988859123012382, 0.0170506021677289]}, "BoneRoot/Hip/Pelvis/R_Thigh/R_Calf/R_Foot": {"location": [-17.248649899612165, 2.0618096571656057, 10.10319939017455], "rotation": [-0.0490471388348602, -0.2037332039551632, 0.9360239803748917, 0.2827477107624789]}, "BoneRoot/Hip/Pelvis/R_Thigh/R_Calf/R_Foot/R_ToeBase": {"location": [-24.99644444451773, -9.454551647072543, 3.879798432931603], "rotation": [-0.0055060841556721, -0.1507830126552623, 0.9508979990968836, 0.2702353815572948]}}}, {"frame": 104, "pose": "aL_q3_fL", "deltaLocation": [-0.046804, 0.0249669, 0.0], "deltaRotation": [0.0, 0.0, 0.0173769, 0.999849], "poseID": null, "globalTransform": {"BoneRoot/Hip/Pelvis/L_Thigh/L_Calf/L_Foot": {"location": [22.461636977622483, -4.406671195416704, 11.979671176975598],