{"02001_31_MOB1_Stand_Relaxed_R_90": {"frameRate": 60, "standalone": true, "isLoop": false, "secondsStart": 0.016666666666666666, "secondsEnd": 2.2666666666666666, "groundBoneL": "L_MidToe1", "groundBoneR": "R_MidToe1", "moveList": ["Idle"], "criticalPoses": [{"frame": 1, "pose": "wL_neutral_to_wlean_fL", "deltaLocation": [0.0, 0.0, 0.0], "deltaRotation": [0.0, 0.0, 0.0, 1.0], "poseID": 111, "globalTransform": {"BoneRoot/Hip/Pelvis/L_Thigh/L_Calf/L_Foot": {"location": [15.61463028215532, -0.9438469614160996, 10.273904178115735], "rotation": [-0.0195072124305759, 0.199237989248635, -0.9700258658121148, 0.1377443717863133]}, "BoneRoot/Hip/Pelvis/L_Thigh/L_Calf/L_Foot/L_ToeBase": {"location": [19.561652213982825, -14.370806831471652, 4.312345402014901], "rotation": [0.0162991401024403, 0.1367257092236437, -0.9825861543704576, 0.1247592389712608]}, "BoneRoot/Hip/Pelvis/R_Thigh/R_Calf/R_Foot": {"location": [-16.1703856597346, 0.2786978015708125, 10.17482728346421], "rotation": [-0.0414732928794682, -0.2036797002061783, 0.9431179240590152, 0.2594670056486352]}, "BoneRoot/Hip/Pelvis/R_Thigh/R_Calf/R_Foot/R_ToeBase": {"location": [-23.358238722653127, -11.622366034830907, 4.003512722720325], "rotation": [0.0006034426294865, -0.1507174607139206, 0.9573855856930256, 0.2463670497452186]}}}, {"frame": 16, "pose": "aR_q1_fR", "deltaLocation": [0.0247089, 0.00530326, 0.0], "deltaRotation": [0.0, 0.0, -0.0505837, 0.99872], "poseID": null, "globalTransform": {"BoneRoot/Hip/Pelvis/L_Thigh/L_Calf/L_Foot": {"location": [13.211376305639511, -0.1522341570887835, 10.314323500197712], "rotation": [-0.0282149140898847, 0.1988738250610937, -0.961624062712915, 0.1869017986536719]}, "BoneRoot/Hip/Pelvis/L_Thigh/L_Calf/L_Foot/L_ToeBase": {"location": [18.508879733524967, -13.098064297928705, 4.335657849566081], "rotation": [0.0107091121344399, 0.1382819646345582, -0.9748484657874096, 0.1744530937703108]}, "BoneRoot/Hip/Pelvis/R_Thigh/R_Calf/R_Foot": {"location": [-18.685866598324115, -2.2161217504066535, 10.305022843767956], "rotation": [-0.0304454238454713, -0.2112186000327607, 0.954600289132217, 0.207841447155658]}, "BoneRoot/Hip/Pelvis/R_Thigh/R_Calf/R_Foot/R_ToeBase": {"location": [-24.526425684176093, -14.755991606677195, 3.9784932305824183], "rotation": [0.0093031846771441, -0.1465439493806545, 0.9699021733358364, 0.1942372153146868]}}}, {"frame": 38, "pose": "aR_q3_fR", "deltaLocation": [0.125554, 0.0316782, 0.0], "deltaRotation": [0.0, 0.0, -0.29707, 0.954856], "poseID": null, "globalTransform": {"BoneRoot/Hip/Pelvis/L_Thigh/L_Calf/L_Foot": {"location": [2.4964110004015634, -2.3878703800071133, 10.08112622126234], "rotation": [-0.0901313950681195, 0.1861701061610722, -0.8617738780578931, 0.4632092467687894]}, "BoneRoot/Hip/Pelvis/L_Thigh/L_Calf/L_Foot/L_ToeBase": {"location": [14.130657293025376, -10.017386006907556, 3.929931865053363], "rotation": [-0.0350815363909995, 0.1398646260035753, -0.8785289655443455, 0.4554053457052401]}, "BoneRoot/Hip/Pelvis/R_Thigh/R_Calf/R_Foot": {"location": [-16.98313629819162, -7.8874907219169454, 12.718344072392068], "rotation": [-0.0802517425728301, -0.1702111815567797, 0.9235468143156064, 0.3341393320975015]}, "BoneRoot/Hip/Pelvis/R_Thigh/R_Calf/R_Foot/R_ToeBase": {"location": [-25.955966935892334, -18.820704282308697, 7.120219282163085], "rotation": [-0.0315310034563364, -0.1277664384155612, 0.9366448800028014, 0.3246196263323843]}}}, {"frame": 55, "pose": "aL_q1_fR", "deltaLocation": [-0.00365642, -0.0244721, 0.0], "deltaRotation": [0.0, 0.0, -0.141608, 0.989923], "poseID": null, "globalTransform": {"BoneRoot/Hip/Pelvis/L_Thigh/L_Calf/L_Foot": {"location": [2.8830501430302604, 0.8071342339109844, 10.58709539008695], "rotation": [-0.1175288791663113, 0.1806238486214638, -0.7860504400868414, 0.579384754295765]}, "BoneRoot/Hip/Pelvis/L_Thigh/L_Calf/L_Foot/L_ToeBase": {"location": [16.093073790527935, -3.1991836602801023, 4.1959188395713385], "rotation": [-0.056670166100486, 0.1426025763005449, -0.804408705127874, 0.5739160501511418]}, "BoneRoot/Hip/Pelvis/R_Thigh/R_Calf/R_Foot": {"location": [-13.99046130003313, -2.9951934931177364, 10.351536689643494], "rotation": [-0.0599782363431038, -0.1880258493955664, 0.9051591872397104, 0.376478069586787]}, "BoneRoot/Hip/Pelvis/R_Thigh/R_Calf/R_Foot/R_ToeBase": {"location": [-24.01473808433911, -12.818929545230183, 4.486917313380637], "rotation": [-0.0061745816644224, -0.1483950164768092, 0.9187744968548652, 0.365778918959535]}}}, {"frame": 75, "pose": "aL_q3_fR", "deltaLocation": [0.00712163, -0.0457754, 0.0], "deltaRotation": [0.0, 0.0, -0.202172, 0.97935], "poseID": null, "globalTransform": {"BoneRoot/Hip/Pelvis/L_Thigh/L_Calf/L_Foot": {"location": [19.87995058341053, 3.478963926184123, 20.75789832688526], "rotation": [-0.0672886444630129, 0.3737395173602453, -0.8489186816400062, 0.3675977195961029]}, "BoneRoot/Hip/Pelvis/L_Thigh/L_Calf/L_Foot/L_ToeBase": {"location": [28.609068150175062, -3.3721422814553517, 10.35273557803916], "rotation": [-0.0209799341380531, 0.3250566830522201, -0.8770026805719223, 0.3532198938852599]}, "BoneRoot/Hip/Pelvis/R_Thigh/R_Calf/R_Foot": {"location": [-14.298135149874582, -4.431355712463853, 10.275350130815877], "rotation": [-0.0335127530151699, -0.2038585571583737, 0.9611576625476648, 0.1830151135413673]}, "BoneRoot/Hip/Pelvis/R_Thigh/R_Calf/R_Foot/R_ToeBase": {"location": [-19.44201016537112, -17.35938635099354, 4.127810042631691], "rotation": [0.0029483136780857, -0.1477408873363407, 0.9744338315965072, 0.1692413823379975]}}}, {"frame": 95, "pose": "aR_q1_fR", "deltaLocation": [0.106954, -0.0233565, 0.0], "deltaRotation": [0.0, 0.0, -0.0689903, 0.997617], "poseID": null, "globalTransform": {"BoneRoot/Hip/Pelvis/L_Thigh/L_Calf/L_Foot": {"location": [16.154410130410312, -1.7743652737708435, 10.08768739923749], "rotation": [-0.0278354289173754, 0.1991549605372609, -0.970635329302492, 0.1320210138585167]}, "BoneRoot/Hip/Pelvis/L_Thigh/L_Calf/L_Foot/L_ToeBase": {"location": [19.884559839964236, -15.24930327919217, 4.094826030279712], "rotation": [0.0075539760781846, 0.1363580947885004, -0.9833838505817036, 0.1196060610761933]}, "BoneRoot/Hip/Pelvis/R_Thigh/R_Calf/R_Foot": {"location": [-24.39203240764117, -5.6147515705567095, 10.378773825792512], "rotation": [-0.0126295168370687, -0.2108373012637844, 0.970329645932182, 0.1176796750734505]}, "BoneRoot/Hip/Pelvis/R_Thigh/R_Calf/R_Foot/R_ToeBase": {"location": [-27.78510650141916, -19.052441934639383, 4.109706799976709], "rotation": [0.0217842259968843, -0.1503143732248608, 0.9830395396532148, 0.1027827815255539]}}}, {"frame": 106, "pose": "aR_q3_fR", "deltaLocation": [0.0438202, 0.00267488, 0.0], "deltaRotation": [0.0, 0.0, -0.00990278, 0.999951], "poseID": null, "globalTransform": {"BoneRoot/Hip/Pelvis/L_Thigh/L_Calf/L_Foot": {"location": [11.776211490878296, -1.890436394408532, 10.023967813500605], "rotation": [-0.0256050099437902, 0.205094035624981, -0.96800693413394, 0.1422792869164295]}, "BoneRoot/Hip/Pelvis/L_Thigh/L_Calf/L_Foot/L_ToeBase": {"location": [15.80679990074083, -15.206727081796878, 3.873092838032976], "rotation": [0.0175424888689851, 0.139328357548749, -0.9814140023569008, 0.1307915358303391]}, "BoneRoot/Hip/Pelvis/R_Thigh/R_Calf/R_Foot": {"location": [-23.718429226206105, -2.929702531559494, 11.46165855364062], "rotation": [-0.0469482831543748, -0.1886126346868218, 0.9604942440509928, 0.1991781611780375]}, "BoneRoot/Hip/Pelvis/R_Thigh/R_Calf/R_Foot/R_ToeBase": {"location": [-29.269353394743103, -15.85182627416456, 5.6658295055277055], "rotation": [-0.0012940562961147, -0.1395019402906018, 0.9722652670884956, 0.1877172993807334]}}}, {"frame": 120, "pose": "wL_neutral_to_wlean_fR", "deltaLocation": [-0.00778143, -0.00212386, 0.0], "deltaRotation": [0.0, 0.0, -0.0349313, 0.99939], "poseID": null, "globalTransform": {"BoneRoot/Hip/Pelvis/L_Thigh/L_Calf/L_Foot": {"location": [12.613447863698404, -0.7500216384274445, 10.129076098633517],