{"02001_36_MOB1_Walk_F_To_Stand_Relaxed_cleaned": {"frameRate": 60, "isLoop": false, "secondsStart": 0.016666666666666666, "secondsEnd": 0.95, "groundBone1": "L_MidToe1", "groundBone2": "R_MidToe1", "moveList": ["Transition", "Idle"], "criticalPoses": [{"frame": 1, "pose": "walkToIdle_R_Foot_High1", "deltaLocation": [0.0, 0.0, 0.0], "deltaRotation": [0.0, 0.0, 0.0, 1.0], "poseID": 117, "globalTransform": {"BoneRoot/Hip/Pelvis/L_Thigh/L_Calf/L_Foot": {"location": [1.2372506362635611, -11.250849382947152, 10.191399900793106], "rotation": [0.0054245596761609, 0.2081065925859876, -0.9758203969590514, 0.0666091071344513]}, "BoneRoot/Hip/Pelvis/L_Thigh/L_Calf/L_Foot/L_ToeBase": {"location": [3.249257211751277, -25.01013638184658, 4.024164895752638], "rotation": [0.0354675526311678, 0.1431253306417276, -0.9877155291348282, 0.0517225864101732]}, "BoneRoot/Hip/Pelvis/R_Thigh/R_Calf/R_Foot": {"location": [-7.89218587329437, 29.987522429634797, 31.963155108885207], "rotation": [0.0080928064296544, -0.792580981601257, 0.605773930532003, 0.069194213456676]}, "BoneRoot/Hip/Pelvis/R_Thigh/R_Calf/R_Foot/R_ToeBase": {"location": [-9.362691546278809, 34.03287699618745, 17.37348173792706], "rotation": [0.022449571866322, -0.7544155549852475, 0.6548240470921918, 0.0394797982406563]}}}, {"frame": 19, "pose": "walkToIdle_wL_neutral_to_wlean_fR", "deltaLocation": [-0.09618781691833189, 0.010002657847108729, 0.0], "deltaRotation": [0.0, 0.0, -0.0827551536176806, 0.9965699095144877], "poseID": null, "globalTransform": {"BoneRoot/Hip/Pelvis/L_Thigh/L_Calf/L_Foot": {"location": [12.934866269352028, -10.3857731955776, 10.307281385987515], "rotation": [-0.0254199386313538, 0.2174850523280617, -0.9651142999714724, 0.1435564931461236]}, "BoneRoot/Hip/Pelvis/L_Thigh/L_Calf/L_Foot/L_ToeBase": {"location": [16.982010700550237, -23.53165439693133, 3.8104366912740577], "rotation": [0.0172895870049454, 0.1157880506422392, -0.9840935047365824, 0.1336195024872452]}, "BoneRoot/Hip/Pelvis/R_Thigh/R_Calf/R_Foot": {"location": [-19.575582203759176, -9.48279356799625, 10.829939417819162], "rotation": [-0.0370280783803793, -0.2238441241677874, 0.944397548185947, 0.2379831936658229]}, "BoneRoot/Hip/Pelvis/R_Thigh/R_Calf/R_Foot/R_ToeBase": {"location": [-26.16111329662692, -21.446731046752127, 4.13064544930067], "rotation": [-0.0069620963183206, -0.1482144008418782, 0.9594634021731574, 0.2396121876872033]}}}, {"frame": 30, "pose": "walkToIdle_wR_neutral_to_wlean_fL", "deltaLocation": [-0.03142890709755347, -0.0262715228868412, 0.0], "deltaRotation": [0.0, 0.0, 0.024956148600260204, 0.9996885468219798], "poseID": null, "globalTransform": {"BoneRoot/Hip/Pelvis/L_Thigh/L_Calf/L_Foot": {"location": [15.550043505343892, -8.676015666902776, 10.512088251208104], "rotation": [-0.0211372221122558, 0.2246644458033067, -0.966272456908382, 0.1240832126176178]}, "BoneRoot/Hip/Pelvis/L_Thigh/L_Calf/L_Foot/L_ToeBase": {"location": [19.053496302085932, -21.883885949729, 3.827757203276379], "rotation": [0.0215659821796078, 0.1151712490202155, -0.987091609255886, 0.1091817143498742]}, "BoneRoot/Hip/Pelvis/R_Thigh/R_Calf/R_Foot": {"location": [-16.348372417867203, -5.856117985972556, 10.241784284850906], "rotation": [-0.0530877157716482, -0.2000671296073559, 0.9385866131397588, 0.276061601313292]}, "BoneRoot/Hip/Pelvis/R_Thigh/R_Calf/R_Foot/R_ToeBase": {"location": [-23.908165660348523, -17.53118202704587, 4.083211135259284], "rotation": [-0.01066181299606, -0.1479977585979281, 0.9531785029304428, 0.2635028097476495]}}}, {"frame": 57, "pose": "wL_neutral_to_wlean_fL", "deltaLocation": [-0.0010176986416180406, -0.06814783049946478, 0.0], "deltaRotation": [0.0, 0.0, -0.01578025407582507, 0.9998754840385389], "poseID": 111, "globalTransform": {"BoneRoot/Hip/Pelvis/L_Thigh/L_Calf/L_Foot": {"location": [15.592700865547943, -1.038474716861678, 10.27136615664879], "rotation": [-0.0189537547403645, 0.1993283827941325, -0.9704500429543929, 0.1346687236285221]}, "BoneRoot/Hip/Pelvis/L_Thigh/L_Calf/L_Foot/L_ToeBase": {"location": [19.45399526436454, -14.489830055932549, 4.308660258230543], "rotation": [0.0166540028381352, 0.1367026873056163, -0.982973396202966, 0.1216483531746205]}, "BoneRoot/Hip/Pelvis/R_Thigh/R_Calf/R_Foot": {"location": [-16.18398660229884, 0.3845432800553565, 10.177431573050503], "rotation": [-0.0420349010752768, -0.2035454073624942, 0.942294260431794, 0.2624573508029953]}, "BoneRoot/Hip/Pelvis/R_Thigh/R_Calf/R_Foot/R_ToeBase": {"location": [-23.447754045143704, -11.470701522133696, 4.006813393621301], "rotation": [0.0002095521382042, -0.1507174642679197, 0.9566008251606438, 0.249397400456631]}}}], "rootMovement": [{"frame": 1, "deltaLocation": [0.0, 0.0, -0.0], "deltaRotation": [0, 0, 0, 1], "footOnGround": 1}, {"frame": 2, "deltaLocation": [-0.00716987421043454, 0.0, -0.00048193798668570904], "deltaRotation": [0.0, -0.013618769786030802, -0.0, 0.9999072602544273], "footOnGround": 1}, {"frame": 3, "deltaLocation": [-0.00700868090902944, 0.0, -0.000917745477042697], "deltaRotation": [0.0, -0.01381093450676396, -0.0, 0.9999046244957815], "footOnGround": 1}, {"frame": 4, "deltaLocation": [-0.006821420856742484, 0.0, -0.0015977064262171102], "deltaRotation": [0.0, -0.013797610399149018, -0.0, 0.9999048084429205], "footOnGround": 1}, {"frame": 5, "deltaLocation": [-0.0066386779493146225, 0.0, -0.002035768767673065], "deltaRotation": [0.0, -0.014012601063154462, -0.0, 0.9999018186859373], "footOnGround": 1}, {"frame": 6, "deltaLocation": [-0.007171205231686395, 0.0, -0.004253104139532416], "deltaRotation": [0.0, -0.012920128999321864, -0.0, 0.9999165316498378], "footOnGround": 1}, {"frame": 7, "deltaLocation": [-0.0069974586330985925, 0.0, -0.004592031160794814], "deltaRotation": [0.0, -0.0131200146087934, -0.0, 0.9999139289042158], "footOnGround": 1}, {"frame": 8, "deltaLocation": [-0.0073271730878681695, 0.0, -0.00528486879803611], "deltaRotation": [0.0, -0.01235920541098522, -0.0, 0.9999236221040131], "footOnGround": 1}, {"frame": 9, "deltaLocation": [-0.007011832787999062, 0.0, -0.005487485331791921], "deltaRotation": [0.0, -0.012649889521172937, -0.0, 0.9999199869465069], "footOnGround": 1}, {"frame": 10, "deltaLocation": [-0.007442072902125874, 0.0, -0.006660329998500325], "deltaRotation": [0.0, -0.010486231747513165, -0.0, 0.9999450179603564], "footOnGround": 1}, {"frame": 11, "deltaLocation": [-0.00734594078805793, 0.0, -0.006764483045575166], "deltaRotation": [0.0, -0.01060884486046985, -0.0, 0.9999437246219042], "footOnGround": 1}, {"frame": 12, "deltaLocation": [-0.0018985476847859662, 0.0, 0.006587180294386926], "deltaRotation": [0.0, 0.004536166516948408, -0.0, 0.9999897115437392], "footOnGround": 1}, {"frame": 13, "deltaLocation": [-0.0020398556754382562, 0.0, 0.0065496958191217], "deltaRotation": [0.0, 0.004584644328408267, -0.0, 0.9999894904629659], "footOnGround": 1}, {"frame": 14, "deltaLocation": [-0.003121183347190716, 0.0, 0.005660369862353385], "deltaRotation": [0.0, 0.005949072473046648, -0.0, 0.999982304111783], "footOnGround": 1}, {"frame": 15, "deltaLocation": [-0.003308562418707657, 0.0, 0.006048612973937081], "deltaRotation": [0.0, 0.005976471233856295, -0.0, 0.9999821407363189], "footOnGround": 1}, {"frame": 16, "deltaLocation": [-0.0034221935485851253, 0.0, 0.005322204174760754], "deltaRotation": [0.0, 0.005754751313257086, -0.0, 0.9999834412815658], "footOnGround": 1}, {"frame": 17, "deltaLocation": [-0.003385503910590653, 0.0, 0.0053700397642307465], "deltaRotation": [0.0, 0.005786469624948698, -0.0, 0.9999832582444966], "footOnGround": 1}, {"frame": 18, "deltaLocation": [-0.003754614225778587, 0.0, 0.004105215023658726], "deltaRotation": [0.0, 0.005970562772520037, -0.0, 0.9999821760312428], "footOnGround": 1}, {"frame": 19, "deltaLocation": [-0.0037816352852551613, 0.0, 0.004017412506474484], "deltaRotation": [0.0, 0.005979488057042663, -0.0, 0.999982122701489], "footOnGround": 1}, {"frame": 20, "deltaLocation": [-0.004641296118588591, 0.0, 0.003191278062729601],