{"02001_37_MOB1_Walk_F_To_Stand_Relaxed_L_cleaned": {"frameRate": 60, "isLoop": false, "secondsStart": 0.016666666666666666, "secondsEnd": 0.95, "groundBone1": "L_MidToe1", "groundBone2": "R_MidToe1", "moveList": ["Transition", "Idle"], "criticalPoses": [{"frame": 1, "pose": "walkToIdle_L_Foot_High1", "deltaLocation": [0.0, 0.0, 0.0], "deltaRotation": [0.0, 0.0, 0.0, 1.0], "poseID": 112, "globalTransform": {"BoneRoot/Hip/Pelvis/L_Thigh/L_Calf/L_Foot": {"location": [10.969928273692949, 28.446837183970352, 31.690753566880307], "rotation": [-0.0005922069807761, 0.7456228336758157, -0.6605784984857012, 0.0876486539001902]}, "BoneRoot/Hip/Pelvis/L_Thigh/L_Calf/L_Foot/L_ToeBase": {"location": [12.718172529868104, 30.382805258149627, 16.70414797086975], "rotation": [0.0177505725235019, 0.7013948845152513, -0.7099736271458268, 0.0605605639696636]}, "BoneRoot/Hip/Pelvis/R_Thigh/R_Calf/R_Foot": {"location": [-2.2830904736820754, -10.099242230657858, 10.12568754719541], "rotation": [-0.0118743015524198, -0.2080466937093998, 0.9728204167203128, 0.1009752990158812]}, "BoneRoot/Hip/Pelvis/R_Thigh/R_Calf/R_Foot/R_ToeBase": {"location": [-5.196549197298488, -23.68360159918604, 3.931973631336803], "rotation": [0.0208793611987226, -0.1488366265990563, 0.9848984261248812, 0.0859465012393082]}}}, {"frame": 19, "pose": "walkToIdle_wR_neutral_to_wlean_fL", "deltaLocation": [0.08054671989018522, 0.02915693236601719, 0.0], "deltaRotation": [0.0, 0.0, 0.11165634460401062, 0.9937468795974508], "poseID": null, "globalTransform": {"BoneRoot/Hip/Pelvis/L_Thigh/L_Calf/L_Foot": {"location": [19.56748873642253, -9.455554202939814, 10.8898732076183], "rotation": [-0.0492790923895956, 0.2217391470131332, -0.9559377344003016, 0.1859741102539923]}, "BoneRoot/Hip/Pelvis/L_Thigh/L_Calf/L_Foot/L_ToeBase": {"location": [24.64394811107364, -22.1193167043642, 4.162219221164458], "rotation": [-0.0224439392804016, 0.1401902013024825, -0.971399967172998, 0.1903288754357723]}, "BoneRoot/Hip/Pelvis/R_Thigh/R_Calf/R_Foot": {"location": [-12.934501841419834, -10.400671656348264, 10.25494703334751], "rotation": [-0.0305428149355442, -0.2055840514791583, 0.9555412624535125, 0.209148822568944]}, "BoneRoot/Hip/Pelvis/R_Thigh/R_Calf/R_Foot/R_ToeBase": {"location": [-18.82362832109361, -22.995398790175045, 4.0843209557159845], "rotation": [0.01817319103019, -0.1113754433930449, 0.9735945655809806, 0.1984410935465852]}}}, {"frame": 30, "pose": "walkToIdle_wL_neutral_to_wlean_fL", "deltaLocation": [0.03200044373094497, -0.027038960959884485, 0.0], "deltaRotation": [0.0, 0.0, -0.026420883109700578, 0.9996509075350772], "poseID": null, "globalTransform": {"BoneRoot/Hip/Pelvis/L_Thigh/L_Calf/L_Foot": {"location": [16.337619356624074, -5.833150845871762, 10.294160365294312], "rotation": [-0.0692465135188728, 0.1953263710937719, -0.9578826198793662, 0.1987798170183794]}, "BoneRoot/Hip/Pelvis/L_Thigh/L_Calf/L_Foot/L_ToeBase": {"location": [21.71921594663944, -18.682135938593163, 4.183159652792867], "rotation": [-0.0302044976491679, 0.1352476444227652, -0.9721676922139836, 0.1889066997625874]}, "BoneRoot/Hip/Pelvis/R_Thigh/R_Calf/R_Foot": {"location": [-15.55587789114348, -8.695319726336619, 10.45681459901316], "rotation": [-0.0257785843127869, -0.2062356185473322, 0.9601240509650296, 0.1869870075479285]}, "BoneRoot/Hip/Pelvis/R_Thigh/R_Calf/R_Foot/R_ToeBase": {"location": [-20.856113899531422, -21.54897639224503, 4.286193235123559], "rotation": [0.0234198677992132, -0.1040313423109597, 0.9793944372910152, 0.1715095502083275]}}}, {"frame": 57, "pose": "wR_neutral_to_wlean_fR", "deltaLocation": [0.002895230094905843, -0.06862577326350136, 0.0], "deltaRotation": [0.0, 0.0, 0.07910743784141168, 0.9968660959618233], "poseID": 111, "globalTransform": {"BoneRoot/Hip/Pelvis/L_Thigh/L_Calf/L_Foot": {"location": [15.592700865547943, -1.0384747168616784, 10.27136615664879], "rotation": [-0.0189537547403645, 0.1993283827941326, -0.9704500429543926, 0.1346687236285222]}, "BoneRoot/Hip/Pelvis/L_Thigh/L_Calf/L_Foot/L_ToeBase": {"location": [19.453995264364544, -14.489830055932543, 4.308660258230542], "rotation": [0.0166540028381352, 0.1367026873056163, -0.982973396202966, 0.1216483531746206]}, "BoneRoot/Hip/Pelvis/R_Thigh/R_Calf/R_Foot": {"location": [-16.183986602298845, 0.3845432800553587, 10.177431573050503], "rotation": [-0.0420349010752768, -0.2035454073624944, 0.942294260431794, 0.2624573508029953]}, "BoneRoot/Hip/Pelvis/R_Thigh/R_Calf/R_Foot/R_ToeBase": {"location": [-23.447754045143704, -11.470701522133693, 4.006813393621296], "rotation": [0.0002095521382042, -0.1507174642679198, 0.9566008251606438, 0.249397400456631]}}}], "rootMovement": [{"frame": 1, "deltaLocation": [0.0, 0.0, -0.0], "deltaRotation": [0, 0, 0, 1], "footOnGround": 2}, {"frame": 2, "deltaLocation": [0.007383449531944467, 0.0, -0.0017146971061906219], "deltaRotation": [0.0, 0.0099721040564039, -0.0, 0.9999502773341724], "footOnGround": 2}, {"frame": 3, "deltaLocation": [0.007185562843896271, 0.0, -0.002075271890401892], "deltaRotation": [0.0, 0.010148997607316655, -0.0, 0.9999484975975347], "footOnGround": 2}, {"frame": 4, "deltaLocation": [0.00697323598408935, 0.0, -0.002643102268969518], "deltaRotation": [0.0, 0.010120092805657406, -0.0, 0.9999487905495985], "footOnGround": 2}, {"frame": 5, "deltaLocation": [0.006741159366819706, 0.0, -0.003009087360192474], "deltaRotation": [0.0, 0.010326428169114556, -0.0, 0.9999466810191773], "footOnGround": 2}, {"frame": 6, "deltaLocation": [0.007188378181445574, 0.0, -0.005132659687520783], "deltaRotation": [0.0, 0.009192350552078711, -0.0, 0.9999577494531096], "footOnGround": 2}, {"frame": 7, "deltaLocation": [0.006988817506476721, 0.0, -0.005381488454240405], "deltaRotation": [0.0, 0.009407358971397455, -0.0, 0.9999557498195525], "footOnGround": 2}, {"frame": 8, "deltaLocation": [0.007275684353623813, 0.0, -0.006024100635356372], "deltaRotation": [0.0, 0.008746432070148805, -0.0, 0.9999617492314605], "footOnGround": 2}, {"frame": 9, "deltaLocation": [0.005556982292132944, 0.0, -0.007235526607087466], "deltaRotation": [0.0, 0.015408634023620032, -0.0, 0.9998812799515382], "footOnGround": 2}, {"frame": 10, "deltaLocation": [0.005903519176921644, 0.0, -0.00846284730988758], "deltaRotation": [0.0, 0.01331697642155227, -0.0, 0.9999113251378784], "footOnGround": 2}, {"frame": 11, "deltaLocation": [0.005783230352450426, 0.0, -0.008576855634022707], "deltaRotation": [0.0, 0.01334823251282875, -0.0, 0.999910908375733], "footOnGround": 2}, {"frame": 12, "deltaLocation": [0.00020042201495906303, 0.0, 0.005073853356460993], "deltaRotation": [0.0, 0.002136413883453204, -0.0, 0.9999977178652554], "footOnGround": 2}, {"frame": 13, "deltaLocation": [0.00039448798542055105, 0.0, 0.00504638947797656], "deltaRotation": [0.0, 0.002144432767220084, -0.0, 0.99999770070141], "footOnGround": 2}, {"frame": 14, "deltaLocation": [0.0016410863744796892, 0.0, 0.004018834632548895], "deltaRotation": [0.0, 0.0005371687553978302, -0.0, 0.9999998557248537], "footOnGround": 2}, {"frame": 15, "deltaLocation": [0.001904801842683129, 0.0, 0.004351546470438675], "deltaRotation": [0.0, 0.00046122546529920753, -0.0, 0.9999998936355294], "footOnGround": 2}, {"frame": 16, "deltaLocation": [0.002032209773173029, 0.0, 0.003811158254982005], "deltaRotation": [0.0, 0.0006526098038133454, -0.0, 0.9999997870501994], "footOnGround": 2}, {"frame": 17, "deltaLocation": [0.002042875892355347, 0.0, 0.003831154199661602], "deltaRotation": [0.0, 0.0005599156259624288, -0.0, 0.9999998432472337], "footOnGround": 2}, {"frame": 18, "deltaLocation": [0.002427493163232165, 0.0, 0.00208293300057292], "deltaRotation": [0.0, 0.0009736283122470364, -0.0, 0.9999995260238425], "footOnGround": 2}, {"frame": 19, "deltaLocation": [0.0037675449386047623, 0.0, 0.003644273680168304], "deltaRotation": [0.0, -0.00556579020474452, -0.0, 0.9999845108697419], "footOnGround": 2}, {"frame": 20, "deltaLocation": [0.0047616233175809585, 0.0, 0.003032195134184867],