{"02001_28_MOB1_Stand_Relaxed_R_135": {"frameRate": 60, "standalone": true, "isLoop": false, "secondsStart": 0.016666666666666666, "secondsEnd": 2.6666666666666665, "groundBoneL": "L_MidToe1", "groundBoneR": "R_MidToe1", "moveList": ["Idle"], "criticalPoses": [{"frame": 1, "pose": "wL_neutral_to_wlean_fL", "deltaLocation": [0.0, 0.0, 0.0], "deltaRotation": [0.0, 0.0, 0.0, 1.0], "poseID": 111, "globalTransform": {"BoneRoot/Hip/Pelvis/L_Thigh/L_Calf/L_Foot": {"location": [15.61463028215532, -0.943846961416071, 10.273904178115735], "rotation": [-0.0195072124305759, 0.1992379892486351, -0.9700258658121148, 0.1377443717863134]}, "BoneRoot/Hip/Pelvis/L_Thigh/L_Calf/L_Foot/L_ToeBase": {"location": [19.561652213982825, -14.370806831471624, 4.312345402014897], "rotation": [0.0162991401024403, 0.1367257092236438, -0.9825861543704576, 0.1247592389712608]}, "BoneRoot/Hip/Pelvis/R_Thigh/R_Calf/R_Foot": {"location": [-16.170385659734606, 0.2786978015708182, 10.174827283464197], "rotation": [-0.0414732928794681, -0.2036797002061783, 0.9431179240590152, 0.2594670056486351]}, "BoneRoot/Hip/Pelvis/R_Thigh/R_Calf/R_Foot/R_ToeBase": {"location": [-23.358238722653137, -11.62236603483091, 4.003512722720312], "rotation": [0.0006034426294866, -0.1507174607139206, 0.9573855856930256, 0.2463670497452185]}}}, {"frame": 12, "pose": "wR_neutral_to_wlean_fL", "deltaLocation": [-0.00263975, -0.000487953, 0.0], "deltaRotation": [0.0, 0.0, -0.00882524, 0.999961], "poseID": null, "globalTransform": {"BoneRoot/Hip/Pelvis/L_Thigh/L_Calf/L_Foot": {"location": [15.959210276810229, -0.6403376832312291, 10.187406668995342], "rotation": [-0.0243206768387148, 0.1979001192867965, -0.9690271859295844, 0.1457064185057377]}, "BoneRoot/Hip/Pelvis/L_Thigh/L_Calf/L_Foot/L_ToeBase": {"location": [20.108589152401944, -14.014796959048068, 4.245283857601391], "rotation": [0.0120213308387976, 0.1356488470194324, -0.9817058733283476, 0.1330731234314034]}, "BoneRoot/Hip/Pelvis/R_Thigh/R_Calf/R_Foot": {"location": [-15.838562373143992, 0.0312680035555357, 10.228914857837555], "rotation": [-0.0373217998535277, -0.2027264936309371, 0.9455808777243472, 0.2517654776132978]}, "BoneRoot/Hip/Pelvis/R_Thigh/R_Calf/R_Foot/R_ToeBase": {"location": [-22.851106177092294, -12.001368618671515, 4.111271454382136], "rotation": [0.0033862134402398, -0.1512210387101319, 0.959346842360708, 0.2382737229794864]}}}, {"frame": 25, "pose": "aL_q1_fR", "deltaLocation": [-0.027753, -0.00568074, 0.0], "deltaRotation": [0.0, 0.0, -0.0587507, 0.998273], "poseID": null, "globalTransform": {"BoneRoot/Hip/Pelvis/L_Thigh/L_Calf/L_Foot": {"location": [18.642322950434345, 2.034375700032912, 10.184826582242666], "rotation": [-0.0368220478742341, 0.1996662521828299, -0.9580069135398704, 0.202485254128348]}, "BoneRoot/Hip/Pelvis/L_Thigh/L_Calf/L_Foot/L_ToeBase": {"location": [24.32048821858841, -10.71722002191245, 4.138552511469369], "rotation": [0.0030712740655474, 0.1396964713929847, -0.9716752948563452, 0.1905848486155135]}, "BoneRoot/Hip/Pelvis/R_Thigh/R_Calf/R_Foot": {"location": [-13.047752222045313, -0.9148664328566932, 10.276767064564025], "rotation": [-0.026038175679851, -0.2028924360462158, 0.9591015712277284, 0.1956549229408762]}, "BoneRoot/Hip/Pelvis/R_Thigh/R_Calf/R_Foot/R_ToeBase": {"location": [-18.596104778882477, -13.709228529232746, 4.201765673866337], "rotation": [0.0117086441364837, -0.1496992509179504, 0.9718663486723648, 0.1814630602776635]}}}, {"frame": 44, "pose": "aL_q3_fR", "deltaLocation": [-0.0285015, -0.0417316, 0.0], "deltaRotation": [0.0, 0.0, -0.233421, 0.972376], "poseID": null, "globalTransform": {"BoneRoot/Hip/Pelvis/L_Thigh/L_Calf/L_Foot": {"location": [20.435990934513978, -0.4371696347580895, 17.94028810582729], "rotation": [0.0160414622906523, 0.32332335172597, -0.9366851905644792, 0.1335123046518468]}, "BoneRoot/Hip/Pelvis/L_Thigh/L_Calf/L_Foot/L_ToeBase": {"location": [24.39872282112849, -11.926333176593923, 8.791603025612426], "rotation": [0.0491476554447036, 0.2628041712951367, -0.956730374970487, 0.1148279805752793]}, "BoneRoot/Hip/Pelvis/R_Thigh/R_Calf/R_Foot": {"location": [-10.680020248457602, -1.7667357930923837, 10.106834939697292], "rotation": [-0.0130069795679599, 0.2062978486069105, -0.9777529501267844, 0.0356536766834598]}, "BoneRoot/Hip/Pelvis/R_Thigh/R_Calf/R_Foot/R_ToeBase": {"location": [-9.701261183674085, -15.64471554348482, 3.9562941396115616], "rotation": [-0.0387249508505334, 0.1459382245196648, -0.9871850111999836, 0.0516542976697986]}}}, {"frame": 62, "pose": "aR_q1_fR", "deltaLocation": [0.120837, -0.0723669, 0.0], "deltaRotation": [0.0, 0.0, -0.270496, 0.962721], "poseID": null, "globalTransform": {"BoneRoot/Hip/Pelvis/L_Thigh/L_Calf/L_Foot": {"location": [15.479820192084295, -5.0193699986473606, 10.173776550340044], "rotation": [-0.0098427798560888, -0.2064487193969027, 0.9771673524957836, 0.0492545547179617]}, "BoneRoot/Hip/Pelvis/L_Thigh/L_Calf/L_Foot/L_ToeBase": {"location": [14.077493979681025, -18.860825492902205, 4.021552363879862], "rotation": [-0.0329974131329716, -0.1382715806746037, 0.9877748911213776, 0.0639758171063811]}, "BoneRoot/Hip/Pelvis/R_Thigh/R_Calf/R_Foot": {"location": [-22.607626677705824, -7.536398362956245, 10.978343311591283], "rotation": [-0.0165908724296064, 0.2104023324054143, -0.9291549355619084, 0.3035238165141771]}, "BoneRoot/Hip/Pelvis/R_Thigh/R_Calf/R_Foot/R_ToeBase": {"location": [-14.13410379963564, -18.59835199621143, 4.877682342781606], "rotation": [-0.0236510471680969, 0.145931612573381, -0.936141554475216, 0.3190353936545465]}}}, {"frame": 81, "pose": "aR_q3_fL", "deltaLocation": [0.113449, 0.017145, 0.0], "deltaRotation": [0.0, 0.0, -0.216576, 0.976266], "poseID": null, "globalTransform": {"BoneRoot/Hip/Pelvis/L_Thigh/L_Calf/L_Foot": {"location": [6.571311198605189, -4.3612228953526415, 10.117111517363892], "rotation": [-0.0331459710984458, 0.2039718452308445, -0.9645823734023627, 0.1639441242452138]}, "BoneRoot/Hip/Pelvis/L_Thigh/L_Calf/L_Foot/L_ToeBase": {"location": [11.176937969093713, -17.489625236780725, 3.966059703119433], "rotation": [0.0052109208378214, 0.142166108724517, -0.9781031561541648, 0.1519074052026836]}, "BoneRoot/Hip/Pelvis/R_Thigh/R_Calf/R_Foot": {"location": [-19.015971307323625, 1.615097193905366, 14.372867283513596], "rotation": [-0.046090354736779, -0.2419497029782003, 0.9248090138947528, 0.2899384559661128]}, "BoneRoot/Hip/Pelvis/R_Thigh/R_Calf/R_Foot/R_ToeBase": {"location": [-26.83433817543088, -9.257803790598548, 7.159104397024268], "rotation": [-0.0136399235805158, -0.196304520231811, 0.941120491718711, 0.274901269346665]}}}, {"frame": 102, "pose": "aL_q1_fL", "deltaLocation": [-0.0274264, 0.0287908, 0.0], "deltaRotation": [0.0, 0.0, -0.195494, 0.980705], "poseID": null, "globalTransform": {"BoneRoot/Hip/Pelvis/L_Thigh/L_Calf/L_Foot": {"location": [11.36796952339128, -3.2999629480520554, 10.630464863887097], "rotation": [-0.0660815688646218, 0.2048955463589523, -0.9111593735692268, 0.3513397747132979]}, "BoneRoot/Hip/Pelvis/L_Thigh/L_Calf/L_Foot/L_ToeBase": {"location": [20.695653097608982, -13.479030518440789, 4.244294337944081], "rotation": [-0.0174172388183298, 0.1521535741453555, -0.9274108059840588, 0.3412552221003188]}, "BoneRoot/Hip/Pelvis/R_Thigh/R_Calf/R_Foot": {"location": [-16.799477924613317, 0.2064955456977131, 10.11343073100316], "rotation": [-0.0660453164856916, -0.1969639281241312, 0.8932145360070316, 0.3987618585747142]}, "BoneRoot/Hip/Pelvis/R_Thigh/R_Calf/R_Foot/R_ToeBase": {"location": [-27.239817416062603, -8.986980953046928, 3.959997172123163], "rotation": [-0.0379250923191639, -0.1463865113138917, 0.9106540324087374, 0.3845021585578382]}}}, {"frame": 119, "pose": "aL_q3_fL", "deltaLocation": [-0.0519831, 0.0138648, 0.0], "deltaRotation": [0.0, 0.0, -0.0912066, 0.995832], "poseID": null, "globalTransform": {"BoneRoot/Hip/Pelvis/L_Thigh/L_Calf/L_Foot": {"location": [19.42537541649783, -7.124901995491785, 18.003532229634104],