{"02001_37_MOB1_Walk_F_To_Stand_Relaxed_L_cleaned": {"frameRate": 60, "standalone": true, "isLoop": false, "secondsStart": 0.016666666666666666, "secondsEnd": 0.95, "groundBoneL": "L_MidToe1", "groundBoneR": "R_MidToe1", "moveList": ["Transition", "Idle"], "criticalPoses": [{"frame": 1, "pose": "walkToIdle_L_Foot_High1", "deltaLocation": [0.0, 0.0, 0.0], "deltaRotation": [0.0, 0.0, 0.0, 1.0], "poseID": 112, "globalTransform": {"BoneRoot/Hip/Pelvis/L_Thigh/L_Calf/L_Foot": {"location": [6.997122358160665, 40.57014213469702, 31.217284023334376], "rotation": [-0.007879961441415, 0.7515503624176842, -0.6327756533397413, 0.186292596465863]}, "BoneRoot/Hip/Pelvis/L_Thigh/L_Calf/L_Foot/L_ToeBase": {"location": [10.403524733818324, 43.59828165989482, 16.704214693344813], "rotation": [0.0172839498188399, 0.7088953999267209, -0.6868258313990999, 0.1594956249065461]}, "BoneRoot/Hip/Pelvis/R_Thigh/R_Calf/R_Foot": {"location": [-1.4938538372676131, -11.429899998156456, 9.710182512403048], "rotation": [-0.0179201241897855, -0.2085844625806375, 0.9684078281786396, 0.1354904773085539]}, "BoneRoot/Hip/Pelvis/R_Thigh/R_Calf/R_Foot/R_ToeBase": {"location": [-5.372070572312119, -24.75913860005385, 3.4911618004726783], "rotation": [0.017109462452154, -0.1492528113691118, 0.9812300330622008, 0.1209069344982608]}}}, {"frame": 19, "pose": "walkToIdle_wR_neutral_to_wlean_fL", "deltaLocation": [0.0978506, 0.0078065, 0.0], "deltaRotation": [0.0, 0.0, 0.0739178, 0.997264], "poseID": null, "globalTransform": {"BoneRoot/Hip/Pelvis/L_Thigh/L_Calf/L_Foot": {"location": [19.56748873642253, -9.45555420293981, 10.8898732076183], "rotation": [-0.0485781350641246, 0.2218937652538843, -0.9553452701243864, 0.1889940120377071]}, "BoneRoot/Hip/Pelvis/L_Thigh/L_Calf/L_Foot/L_ToeBase": {"location": [24.732870128323377, -22.08277802727296, 4.161225334322242], "rotation": [-0.0214897582786316, 0.140424328495525, -0.970806221761601, 0.1932730660093949]}, "BoneRoot/Hip/Pelvis/R_Thigh/R_Calf/R_Foot": {"location": [-12.934501841419834, -10.400671656348257, 10.25494703334751], "rotation": [-0.030086937433156, -0.2056701983619363, 0.9560830015619396, 0.2066393956291181]}, "BoneRoot/Hip/Pelvis/R_Thigh/R_Calf/R_Foot/R_ToeBase": {"location": [-18.756857118408337, -23.02606458459232, 4.0836245741769766], "rotation": [0.0183818870124253, -0.1113338206347182, 0.9741113301639984, 0.1958928356496591]}}}, {"frame": 30, "pose": "walkToIdle_wL_neutral_to_wlean_fL", "deltaLocation": [0.0320018, -0.0270336, 0.0], "deltaRotation": [0.0, 0.0, -0.0264196, 0.999651], "poseID": null, "globalTransform": {"BoneRoot/Hip/Pelvis/L_Thigh/L_Calf/L_Foot": {"location": [16.33761935662407, -5.833150845871762, 10.294160365294312], "rotation": [-0.0686289227217767, 0.1955442196671376, -0.9572496789600836, 0.2018058008374284]}, "BoneRoot/Hip/Pelvis/L_Thigh/L_Calf/L_Foot/L_ToeBase": {"location": [21.806729329555058, -18.64266573921948, 4.177993773390116], "rotation": [-0.0294044686366138, 0.1355988811175086, -0.9715603579740448, 0.1918822333547956]}, "BoneRoot/Hip/Pelvis/R_Thigh/R_Calf/R_Foot": {"location": [-15.555877891143478, -8.695319726336619, 10.45681459901316], "rotation": [-0.0253208734639524, -0.2063111913236106, 0.9606075574716716, 0.184465894489915]}, "BoneRoot/Hip/Pelvis/R_Thigh/R_Calf/R_Foot/R_ToeBase": {"location": [-20.78800036925811, -21.576518859446153, 4.285496853722404], "rotation": [0.0236094489232096, -0.103977588045064, 0.9798408943793416, 0.1689469644822469]}}}, {"frame": 57, "pose": "wR_neutral_to_wlean_fR", "deltaLocation": [0.00290025, -0.0693772, 0.0], "deltaRotation": [0.0, 0.0, 0.0785619, 0.996909], "poseID": 111, "globalTransform": {"BoneRoot/Hip/Pelvis/L_Thigh/L_Calf/L_Foot": {"location": [15.61463028215532, -0.9438469614160788, 10.273904178115735], "rotation": [-0.0195072124305759, 0.199237989248635, -0.9700258658121148, 0.1377443717863133]}, "BoneRoot/Hip/Pelvis/L_Thigh/L_Calf/L_Foot/L_ToeBase": {"location": [19.56165221398282, -14.370806831471633, 4.312345402014899], "rotation": [0.0162991401024403, 0.1367257092236437, -0.9825861543704576, 0.1247592389712607]}, "BoneRoot/Hip/Pelvis/R_Thigh/R_Calf/R_Foot": {"location": [-16.170385659734595, 0.2786978015708148, 10.17482728346421], "rotation": [-0.0414732928794682, -0.2036797002061784, 0.9431179240590152, 0.2594670056486352]}, "BoneRoot/Hip/Pelvis/R_Thigh/R_Calf/R_Foot/R_ToeBase": {"location": [-23.358238722653123, -11.622366034830904, 4.0035127227203215], "rotation": [0.0006034426294865, -0.1507174607139207, 0.9573855856930256, 0.2463670497452186]}}}], "rootMovement": [{"frame": 1, "deltaLocation": [0.0, 0.0, -0.0], "deltaRotation": [0, 0, 0, 1], "footOnGround": 2}]}}