{"02001_32_MOB1_Stand_Rlx_Turn_In_Place_L_Loop": {"frameRate": 60, "standalone": true, "isLoop": false, "secondsStart": 0.016666666666666666, "secondsEnd": 0.7, "groundBoneL": "L_MidToe1", "groundBoneR": "R_MidToe1", "moveList": ["Idle"], "criticalPoses": [{"frame": 1, "pose": "aL_q1_fL", "deltaLocation": [0.0, 0.0, 0.0], "deltaRotation": [0.0, 0.0, 0.0, 1.0], "poseID": 111, "globalTransform": {"BoneRoot/Hip/Pelvis/L_Thigh/L_Calf/L_Foot": {"location": [15.61463028215532, -0.943846961416071, 10.273904178115735], "rotation": [-0.0195072124305758, 0.1992379892486351, -0.9700258658121148, 0.1377443717863133]}, "BoneRoot/Hip/Pelvis/L_Thigh/L_Calf/L_Foot/L_ToeBase": {"location": [19.561652213982825, -14.370806831471624, 4.312345402014897], "rotation": [0.0162991401024404, 0.1367257092236438, -0.9825861543704576, 0.1247592389712607]}, "BoneRoot/Hip/Pelvis/R_Thigh/R_Calf/R_Foot": {"location": [-16.1703856597346, 0.2786978015708125, 10.17482728346421], "rotation": [-0.0414732928794682, -0.2036797002061783, 0.9431179240590152, 0.2594670056486352]}, "BoneRoot/Hip/Pelvis/R_Thigh/R_Calf/R_Foot/R_ToeBase": {"location": [-23.358238722653127, -11.622366034830913, 4.003512722720326], "rotation": [0.0006034426294865, -0.1507174607139206, 0.9573855856930256, 0.2463670497452186]}}}, {"frame": 12, "pose": "aL_q3_fL", "deltaLocation": [-0.0796825, 0.0239722, 0.0], "deltaRotation": [0.0, 0.0, 0.14275, 0.989759], "poseID": null, "globalTransform": {"BoneRoot/Hip/Pelvis/L_Thigh/L_Calf/L_Foot": {"location": [21.36807480199796, -7.988476298690421, 11.67728218980033], "rotation": [-0.0463811022791023, 0.1356907330453498, -0.8945282145187653, 0.4233864567352868]}, "BoneRoot/Hip/Pelvis/L_Thigh/L_Calf/L_Foot/L_ToeBase": {"location": [32.699181565353484, -17.18646721440996, 7.3871071054215856], "rotation": [0.0071698410390365, 0.0865145067411779, -0.9061739764815652, 0.4138992121886604]}, "BoneRoot/Hip/Pelvis/R_Thigh/R_Calf/R_Foot": {"location": [-8.38487800777622, 0.2688003178541969, 10.144947184271768], "rotation": [-0.0636097813172174, -0.194281419747352, 0.8965992701163717, 0.3928336473477273]}, "BoneRoot/Hip/Pelvis/R_Thigh/R_Calf/R_Foot/R_ToeBase": {"location": [-18.724373777199137, -9.099368517874144, 4.085418622579648], "rotation": [-0.0160286833003834, -0.1477842551664827, 0.9124291339312172, 0.3812820095284759]}}}, {"frame": 26, "pose": "aR_q1_fL", "deltaLocation": [0.0146118, -0.000121167, 0.0], "deltaRotation": [0.0, 0.0, 0.127656, 0.991818], "poseID": null, "globalTransform": {"BoneRoot/Hip/Pelvis/L_Thigh/L_Calf/L_Foot": {"location": [12.009896190560562, 0.0149128590145266, 10.38189176137598], "rotation": [-0.0425608412081117, 0.1955216337660475, -0.949384083927846, 0.2421357609061459]}, "BoneRoot/Hip/Pelvis/L_Thigh/L_Calf/L_Foot/L_ToeBase": {"location": [18.750713494182644, -12.25014982976484, 4.421004166821363], "rotation": [-5.8598351397279544e-05, 0.1364942079602377, -0.963393180681562, 0.230744246246367]}, "BoneRoot/Hip/Pelvis/R_Thigh/R_Calf/R_Foot": {"location": [-10.141829740754725, 2.3816633934004905, 11.367726434897577], "rotation": [-0.0930220794391331, -0.2216891398058256, 0.834508827291103, 0.4957780100026632]}, "BoneRoot/Hip/Pelvis/R_Thigh/R_Calf/R_Foot/R_ToeBase": {"location": [-22.10139794104469, -3.856643195014346, 4.336506702580755], "rotation": [-0.0271806358919703, -0.1480295797037604, 0.8595421241186747, 0.4884012627244047]}}}, {"frame": 34, "pose": "aR_q3_fR", "deltaLocation": [0.00510803, -0.0077186, 0.0], "deltaRotation": [0.0, 0.0, 0.0430813, 0.999072], "poseID": null, "globalTransform": {"BoneRoot/Hip/Pelvis/L_Thigh/L_Calf/L_Foot": {"location": [11.51472773674067, -0.2173508609323224, 10.279644205262835], "rotation": [-0.0331408521559411, 0.1979271243630894, -0.9587735557931134, 0.2011959395006914]}, "BoneRoot/Hip/Pelvis/L_Thigh/L_Calf/L_Foot/L_ToeBase": {"location": [17.184123188848655, -13.00582165568452, 4.303420716055661], "rotation": [0.0067320197350646, 0.1375499692399928, -0.9722514608963482, 0.1891078598506168]}, "BoneRoot/Hip/Pelvis/R_Thigh/R_Calf/R_Foot": {"location": [-16.833362338551318, -0.7112522999311714, 12.130771881839085], "rotation": [-0.0453201295606097, -0.1926052885928649, 0.9251068903320594, 0.3240779692031162]}, "BoneRoot/Hip/Pelvis/R_Thigh/R_Calf/R_Foot/R_ToeBase": {"location": [-25.688888388731776, -11.598766393117929, 6.263298568278885], "rotation": [-0.0003633381032167, -0.1428839077967887, 0.9394592134853152, 0.3114489413622955]}}}, {"frame": 42, "pose": "wL_neutral_to_wlean_fL", "deltaLocation": [-0.0409615, -0.0132985, 0.0], "deltaRotation": [0.0, 0.0, 0.0658389, 0.99783], "poseID": 111, "globalTransform": {"BoneRoot/Hip/Pelvis/L_Thigh/L_Calf/L_Foot": {"location": [15.61463028215534, -0.9438469614160714, 10.273904178115725], "rotation": [-0.0195072124305758, 0.1992379892486351, -0.9700258658121148, 0.1377443717863133]}, "BoneRoot/Hip/Pelvis/L_Thigh/L_Calf/L_Foot/L_ToeBase": {"location": [19.56165221398284, -14.370806831471622, 4.312345402014885], "rotation": [0.0162991401024404, 0.1367257092236438, -0.9825861543704576, 0.1247592389712607]}, "BoneRoot/Hip/Pelvis/R_Thigh/R_Calf/R_Foot": {"location": [-16.1703856597346, 0.2786978015708161, 10.174827283464191], "rotation": [-0.0414732928794682, -0.2036797002061784, 0.9431179240590152, 0.2594670056486352]}, "BoneRoot/Hip/Pelvis/R_Thigh/R_Calf/R_Foot/R_ToeBase": {"location": [-23.358238722653127, -11.6223660348309, 4.003512722720303], "rotation": [0.0006034426294865, -0.1507174607139206, 0.9573855856930256, 0.2463670497452186]}}}], "rootMovement": [{"frame": 1, "deltaLocation": [0.0, 0.0, -0.0], "deltaRotation": [0, 0, 0, 1], "footOnGround": 3}]}}