{"01003_1_v1_01_Normal_Walk": {"frameRate": 60, "standalone": false, "isLoop": true, "secondsStart": 0.0, "secondsEnd": 1.4166666666666667, "groundBoneL": "L_MidToe1", "groundBoneR": "R_MidToe1", "moveList": ["Walk"], "criticalPoses": [{"frame": 0, "pose": "walk_R_Foot_Low", "deltaLocation": [3.40001e-06, 0.00053532, 0.0], "deltaRotation": [0.0, 0.0, -0.00132877, 0.999999], "poseID": -1, "globalTransform": {"BoneRoot/Hip/Pelvis/L_Thigh/L_Calf/L_Foot": {"location": [1.4087140421929971, 13.558452690193738, 9.878313048950302], "rotation": [-0.0219429113908004, 0.2149672559157539, -0.9657161428121924, 0.1438746643286695]}, "BoneRoot/Hip/Pelvis/L_Thigh/L_Calf/L_Foot/L_ToeBase": {"location": [5.49251915247771, 0.3822535551631013, 3.466435209870813], "rotation": [-0.0171800455095855, 0.1248673257529914, -0.9791872906649064, 0.1590762295124733]}, "BoneRoot/Hip/Pelvis/R_Thigh/R_Calf/R_Foot": {"location": [-9.892168535939046, -22.455531040328083, 13.378628587889391], "rotation": [-0.0597341982470964, -0.2049025615998116, 0.9719237298129564, 0.0990506397560525]}, "BoneRoot/Hip/Pelvis/R_Thigh/R_Calf/R_Foot/R_ToeBase": {"location": [-12.448763961665266, -36.0911009221726, 7.140031707581201], "rotation": [-0.0416065775998419, -0.1621305923357901, 0.980884015033616, 0.0992426963600218]}}}, {"frame": 7, "pose": "walk_R_Foot_High2", "deltaLocation": [-0.000174631, 0.00215248, 0.0], "deltaRotation": [0.0, 0.0, -0.00741519, 0.999973], "poseID": null, "globalTransform": {"BoneRoot/Hip/Pelvis/L_Thigh/L_Calf/L_Foot": {"location": [2.165900362443214, 24.839615915738293, 10.616944167297088], "rotation": [-0.0197806645316349, 0.237788000599639, -0.9620805057442636, 0.1321616152609183]}, "BoneRoot/Hip/Pelvis/L_Thigh/L_Calf/L_Foot/L_ToeBase": {"location": [5.89135607998572, 11.879374030139193, 3.577389963831313], "rotation": [0.0024874965009698, 0.1383812012417528, -0.9793255161978048, 0.1475330092825005]}, "BoneRoot/Hip/Pelvis/R_Thigh/R_Calf/R_Foot": {"location": [-9.101729195193755, -36.23586456061454, 12.32195373219621], "rotation": [-0.0840900155927637, 0.0064143612603962, 0.9861041702819896, 0.1431303273233828]}, "BoneRoot/Hip/Pelvis/R_Thigh/R_Calf/R_Foot/R_ToeBase": {"location": [-13.412216574026168, -50.822686974781426, 12.148287398522651], "rotation": [-0.0607107756345826, 0.0454232219413203, 0.9865339784529328, 0.1449194327484946]}}}, {"frame": 16, "pose": "walk_R_touched_ground", "deltaLocation": [-0.00123673, -0.00488022, 0.0], "deltaRotation": [0.0, 0.0, 0.0412808, 0.999148], "poseID": null, "globalTransform": {"BoneRoot/Hip/Pelvis/L_Thigh/L_Calf/L_Foot": {"location": [9.590235766744222, 37.54662962969162, 15.562790184506186], "rotation": [0.0157410188765023, 0.396306860148, -0.9151262136999444, 0.0723678514505373]}, "BoneRoot/Hip/Pelvis/L_Thigh/L_Calf/L_Foot/L_ToeBase": {"location": [11.79503247835356, 27.272342416470313, 4.5636746583721015], "rotation": [0.0305427076703148, 0.1890097403297868, -0.9777729854904664, 0.0854543732859372]}, "BoneRoot/Hip/Pelvis/R_Thigh/R_Calf/R_Foot": {"location": [-7.94577771066028, -26.20303807060583, 10.352513744522255], "rotation": [-0.0413883900799795, -0.1774181798390987, 0.9568546689366922, 0.2263601845802875]}, "BoneRoot/Hip/Pelvis/R_Thigh/R_Calf/R_Foot/R_ToeBase": {"location": [-14.311914914782925, -38.89790626262063, 4.9029049367556015], "rotation": [-0.0148638792847406, -0.1420307624142671, 0.9635432840042408, 0.2262535468693328]}}}, {"frame": 30, "pose": "walk_L_Foot_High1", "deltaLocation": [-0.00127945, 0.0023151, 0.0], "deltaRotation": [0.0, 0.0, -0.00373267, 0.999993], "poseID": null, "globalTransform": {"BoneRoot/Hip/Pelvis/L_Thigh/L_Calf/L_Foot": {"location": [12.82669404142442, 21.07042850390953, 27.328116490940953], "rotation": [0.0698536435970757, 0.6924253211806379, -0.7151206627624543, 0.0653458549128493]}, "BoneRoot/Hip/Pelvis/L_Thigh/L_Calf/L_Foot/L_ToeBase": {"location": [15.720118798509636, 20.575117298089612, 12.402128467334515], "rotation": [0.063203799611563, 0.5915819599412188, -0.8000361770318923, 0.0773186900235801]}, "BoneRoot/Hip/Pelvis/R_Thigh/R_Calf/R_Foot": {"location": [-1.3112241280050283, -3.405323181550161, 9.31154534695703], "rotation": [-0.0395638845600139, -0.2044677269198904, 0.9558563325146606, 0.2072831861930865]}, "BoneRoot/Hip/Pelvis/R_Thigh/R_Calf/R_Foot/R_ToeBase": {"location": [-7.0930141228535515, -16.037615619681375, 3.1162666949169453], "rotation": [-0.0024134565972941, -0.1480234853540094, 0.966624051909397, 0.2090960671107034]}}}, {"frame": 36, "pose": "walk_L_Foot_H_Together", "deltaLocation": [-0.000206733, -0.00192082, 0.0], "deltaRotation": [0.0, 0.0, -0.0115311, 0.999934], "poseID": null, "globalTransform": {"BoneRoot/Hip/Pelvis/L_Thigh/L_Calf/L_Foot": {"location": [11.407156776700525, 5.923385967151371, 22.5011516334699], "rotation": [0.0713045930505016, 0.4988990951096627, -0.8609758588171873, 0.0688180095808428]}, "BoneRoot/Hip/Pelvis/L_Thigh/L_Calf/L_Foot/L_ToeBase": {"location": [14.292235986054948, -1.57203003796967, 9.582270009770845], "rotation": [0.0603707256968186, 0.3826544349497209, -0.9187614090627, 0.076213070462168]}, "BoneRoot/Hip/Pelvis/R_Thigh/R_Calf/R_Foot": {"location": [-1.0832203047425606, 4.657698378185214, 9.430938114263672], "rotation": [-0.0313802546524407, -0.2109459903293359, 0.9587679418148668, 0.1878326450061538]}, "BoneRoot/Hip/Pelvis/R_Thigh/R_Calf/R_Foot/R_ToeBase": {"location": [-6.360763252205784, -8.126538024271694, 3.098761749337299], "rotation": [-0.0001605304083631, -0.1531799069822551, 0.9702325338690584, 0.1875759060991633]}}}, {"frame": 43, "pose": "walk_L_Foot_Low", "deltaLocation": [7.37628e-05, 0.00128216, 0.0], "deltaRotation": [0.0, 0.0, -0.00566814, 0.999984], "poseID": null, "globalTransform": {"BoneRoot/Hip/Pelvis/L_Thigh/L_Calf/L_Foot": {"location": [10.310767571099364, -18.55601537708829, 13.77475520587207], "rotation": [0.0331125524708313, 0.2440596512347377, -0.962597120676227, 0.1128947685850935]}, "BoneRoot/Hip/Pelvis/L_Thigh/L_Calf/L_Foot/L_ToeBase": {"location": [13.86301296748107, -31.56796276834833, 6.741076013769714], "rotation": [0.0239027047043355, 0.1164797627289926, -0.9856256326998304, 0.1200134898562416]}, "BoneRoot/Hip/Pelvis/R_Thigh/R_Calf/R_Foot": {"location": [-1.4513559664499802, 14.091252657073582, 9.638060142297196], "rotation": [-0.032526526116166, -0.2118894066167149, 0.9593865626618184, 0.1833639218777017]}, "BoneRoot/Hip/Pelvis/R_Thigh/R_Calf/R_Foot/R_ToeBase": {"location": [-6.593710759282402, 1.2686976571683195, 3.272259036487557], "rotation": [0.0013874346747398, -0.1510760754297692, 0.9715993933234172, 0.1821227974508676]}}}, {"frame": 50, "pose": "walk_L_Foot_High2", "deltaLocation": [0.000215742, 0.00230997, 0.0], "deltaRotation": [0.0, 0.0, 0.00447314, 0.99999], "poseID": null, "globalTransform": {"BoneRoot/Hip/Pelvis/L_Thigh/L_Calf/L_Foot": {"location": [9.190744618947871, -34.292541195202055, 12.373065626746213], "rotation": [-0.0250937242354037, 0.0053065639383154, -0.990606293732178, 0.1343179667854017]}, "BoneRoot/Hip/Pelvis/L_Thigh/L_Calf/L_Foot/L_ToeBase": {"location": [13.234943078928168, -48.95468295492062, 12.110669845895533], "rotation": [-0.0334274326207717, -0.1225905633569852, -0.9815213535062768, 0.1430733837420761]}, "BoneRoot/Hip/Pelvis/R_Thigh/R_Calf/R_Foot": {"location": [-2.0752818599404774, 25.221062897617376, 10.12993656414876], "rotation": [-0.029046414196242, -0.2238063762569727, 0.956691518503634, 0.1838704712352527]}, "BoneRoot/Hip/Pelvis/R_Thigh/R_Calf/R_Foot/R_ToeBase": {"location": [-7.229258252836225, 12.562111937906552, 3.4536099153973847], "rotation": [-0.0042756843823965, -0.1521042584311606, 0.9715277230949088, 0.1816036793354992]}}}, {"frame": 60, "pose": "walk_L_touched_ground", "deltaLocation": [0.00136154, -0.00425553, 0.0], "deltaRotation": [0.0, 0.0, -0.0440663, 0.999029], "poseID": null, "globalTransform": {"BoneRoot/Hip/Pelvis/L_Thigh/L_Calf/L_Foot": {"location": [8.626878336129865, -23.339490177903077, 10.005105743998088],