{"02001_16_MOB1_Stand_Relaxed_To_Walk_R90_Fwd": {"frameRate": 60, "standalone": true, "isLoop": false, "secondsStart": 0.016666666666666666, "secondsEnd": 1.2666666666666666, "groundBoneL": "L_MidToe1", "groundBoneR": "R_MidToe1", "moveList": ["Transition", "Walk"], "criticalPoses": [{"frame": 1, "pose": "idleToWalk_wL_neutral_fL_aboutBendKnees", "deltaLocation": [0.0, 0.0, 0.0], "deltaRotation": [0.0, 0.0, 0.0, 1.0], "poseID": 111, "globalTransform": {"BoneRoot/Hip/Pelvis/L_Thigh/L_Calf/L_Foot": {"location": [15.61463028215532, -0.9438469614160822, 10.273904178115735], "rotation": [-0.0195072124305759, 0.1992379892486351, -0.9700258658121148, 0.1377443717863131]}, "BoneRoot/Hip/Pelvis/L_Thigh/L_Calf/L_Foot/L_ToeBase": {"location": [19.561652213982818, -14.370806831471636, 4.312345402014899], "rotation": [0.0162991401024404, 0.1367257092236437, -0.9825861543704576, 0.1247592389712606]}, "BoneRoot/Hip/Pelvis/R_Thigh/R_Calf/R_Foot": {"location": [-16.1703856597346, 0.2786978015708125, 10.17482728346421], "rotation": [-0.0414732928794682, -0.2036797002061783, 0.9431179240590152, 0.2594670056486352]}, "BoneRoot/Hip/Pelvis/R_Thigh/R_Calf/R_Foot/R_ToeBase": {"location": [-23.358238722653127, -11.622366034830913, 4.003512722720327], "rotation": [0.0006034426294865, -0.1507174607139206, 0.9573855856930256, 0.2463670497452187]}}}, {"frame": 9, "pose": "idleToWalk_wL_neutral_fL", "deltaLocation": [-0.0203497, 0.000658049, 0.0], "deltaRotation": [0.0, 0.0, -0.0818883, 0.996642], "poseID": null, "globalTransform": {"BoneRoot/Hip/Pelvis/L_Thigh/L_Calf/L_Foot": {"location": [17.543527685230558, 1.8986383401069484, 10.19501222499925], "rotation": [-0.0332826755189245, 0.1952227774136757, -0.9558163097253192, 0.2172452824626238]}, "BoneRoot/Hip/Pelvis/L_Thigh/L_Calf/L_Foot/L_ToeBase": {"location": [23.66341836616873, -10.7178564194775, 4.298116125329633], "rotation": [0.0080349332597382, 0.1352761648217491, -0.9692757653850096, 0.2052810018387828]}, "BoneRoot/Hip/Pelvis/R_Thigh/R_Calf/R_Foot": {"location": [-13.902713491624391, -2.078924661233999, 10.310917312173109], "rotation": [-0.0251943702593592, -0.2014438542751615, 0.9616006729850134, 0.1846882860301952]}, "BoneRoot/Hip/Pelvis/R_Thigh/R_Calf/R_Foot/R_ToeBase": {"location": [-19.151435854493897, -15.018003560454703, 4.27629842308884], "rotation": [0.0135203931544233, -0.1450497901090763, 0.9744801682996314, 0.1707810263143565]}}}, {"frame": 21, "pose": "idleToWalk_wR_lean_fL_aboutToLift", "deltaLocation": [-0.0882109, -0.0182455, 0.0], "deltaRotation": [0.0, 0.0, -0.190014, 0.981781], "poseID": null, "globalTransform": {"BoneRoot/Hip/Pelvis/L_Thigh/L_Calf/L_Foot": {"location": [23.639422234684787, 12.313664504978115, 12.832191310698306], "rotation": [-0.0817315993249739, 0.2511642951900911, -0.881147806491519, 0.3921925364009763]}, "BoneRoot/Hip/Pelvis/L_Thigh/L_Calf/L_Foot/L_ToeBase": {"location": [33.52887389553757, 3.700724327746477, 5.123862255074643], "rotation": [-0.0356853715152136, 0.1642853325950728, -0.9079197613482572, 0.3839512868936259]}, "BoneRoot/Hip/Pelvis/R_Thigh/R_Calf/R_Foot": {"location": [-5.0789735416521875, -1.3512577072521, 10.387932552851636], "rotation": [0.0007868671096079, -0.2090371755701064, 0.9778962053883744, 0.0046745648827396]}, "BoneRoot/Hip/Pelvis/R_Thigh/R_Calf/R_Foot/R_ToeBase": {"location": [-5.223207481859292, -15.232626580967668, 4.169203879435732], "rotation": [-0.0295855863999875, 0.1458665611252307, -0.9888047917714708, 0.0106171179067873]}}}, {"frame": 33, "pose": "idleToWalk_L_Foot_High1", "deltaLocation": [-0.0932379, -0.0871782, 0.0], "deltaRotation": [0.0, 0.0, -0.227964, 0.97367], "poseID": null, "globalTransform": {"BoneRoot/Hip/Pelvis/L_Thigh/L_Calf/L_Foot": {"location": [15.534036049704058, 5.70076830848611, 27.392698016534244], "rotation": [0.077729031847745, 0.4389110861671019, -0.8548152068044272, 0.2657183062258443]}, "BoneRoot/Hip/Pelvis/L_Thigh/L_Calf/L_Foot/L_ToeBase": {"location": [23.48260004823278, -1.5021050777227547, 16.60653002715312], "rotation": [0.116334370190748, 0.3879592069616539, -0.8822835608513973, 0.2398534683872334]}, "BoneRoot/Hip/Pelvis/R_Thigh/R_Calf/R_Foot": {"location": [0.4838261364260248, 8.390786838266672, 10.389725502009709], "rotation": [-0.0429107524938386, 0.2096713943060467, -0.9518469851312756, 0.2195082928425984]}, "BoneRoot/Hip/Pelvis/R_Thigh/R_Calf/R_Foot/R_ToeBase": {"location": [6.566454453246031, -4.0173524900580855, 4.03162935078933], "rotation": [-0.0596023049671013, 0.1388425898737532, -0.9598857962353512, 0.2361981343393363]}}}, {"frame": 40, "pose": "idleToWalk_L_Foot_H_Together", "deltaLocation": [-0.0194816, -0.0851181, 0.0], "deltaRotation": [0.0, 0.0, -0.100417, 0.994945], "poseID": null, "globalTransform": {"BoneRoot/Hip/Pelvis/L_Thigh/L_Calf/L_Foot": {"location": [9.749352488755989, -14.09362044212319, 21.65658532804972], "rotation": [-0.0028365912526399, 0.2945841260580695, -0.9409221622593096, 0.166965957589967]}, "BoneRoot/Hip/Pelvis/L_Thigh/L_Calf/L_Foot/L_ToeBase": {"location": [14.503738093682884, -25.81721436753656, 13.209350122770926], "rotation": [0.0330048434951777, 0.2346757909646413, -0.9598250589962362, 0.1502458304374891]}, "BoneRoot/Hip/Pelvis/R_Thigh/R_Calf/R_Foot": {"location": [-0.93892031786911, 17.03919791607848, 10.425638935432362], "rotation": [-0.06737139354244, 0.2063389020789753, -0.9245860620620482, 0.3130909878319515]}, "BoneRoot/Hip/Pelvis/R_Thigh/R_Calf/R_Foot/R_ToeBase": {"location": [7.444820216911646, 6.105191942184369, 3.980022793001961], "rotation": [-0.0842633285781472, 0.1262839994586896, -0.931846793959419, 0.3295657681331617]}}}, {"frame": 47, "pose": "idleToWalk_L_Foot_Low", "deltaLocation": [-0.0084144, -0.116658, 0.0], "deltaRotation": [0.0, 0.0, -0.0624858, 0.998046], "poseID": null, "globalTransform": {"BoneRoot/Hip/Pelvis/L_Thigh/L_Calf/L_Foot": {"location": [4.673396595631967, -35.210606043874606, 13.717702690664233], "rotation": [-0.0745276799830932, 0.0629660814642739, -0.9949593181273028, 0.0231700835782824]}, "BoneRoot/Hip/Pelvis/L_Thigh/L_Calf/L_Foot/L_ToeBase": {"location": [5.2321641582870555, -50.285543045206055, 11.75921185641436], "rotation": [-0.0447074925382502, -0.0047030326309093, -0.9988286325643572, 0.0179020771038232]}, "BoneRoot/Hip/Pelvis/R_Thigh/R_Calf/R_Foot": {"location": [-3.7951375868280968, 28.25667181000675, 10.61984784533734], "rotation": [-0.0662941420847952, 0.2128702759349521, -0.9004748988909039, 0.3734116881084933]}, "BoneRoot/Hip/Pelvis/R_Thigh/R_Calf/R_Foot/R_ToeBase": {"location": [6.005022441988628, 18.665763800409497, 4.03524729297103], "rotation": [-0.070325445736396, 0.141154356840729, -0.9067599930678376, 0.3910448749165144]}}}, {"frame": 49, "pose": "idleToWalk_L_Foot_High2", "deltaLocation": [-0.000177507, -0.0394792, 0.0], "deltaRotation": [0.0, 0.0, -0.0169024, 0.999857], "poseID": null, "globalTransform": {"BoneRoot/Hip/Pelvis/L_Thigh/L_Calf/L_Foot": {"location": [3.117987628758584, -38.399975213357024, 12.7960480347043], "rotation": [-0.107319323048138, 0.0060922267446131, -0.9941148062059448, 0.0134610458694172]}, "BoneRoot/Hip/Pelvis/L_Thigh/L_Calf/L_Foot/L_ToeBase": {"location": [3.5053948006982587, -53.60522838512223, 12.567888195418831], "rotation": [-0.0776027516227589, -0.0619189180716585, -0.9949863175088428, 0.0120867073930082]}, "BoneRoot/Hip/Pelvis/R_Thigh/R_Calf/R_Foot": {"location": [-4.907281267441849, 31.989575530174076, 10.715932889840747], "rotation": [-0.0649008393693368, 0.2151041851695261, -0.8931423751461219, 0.3896341467197834]}, "BoneRoot/Hip/Pelvis/R_Thigh/R_Calf/R_Foot/R_ToeBase": {"location": [5.25498800287534, 22.80433657751453, 4.101913149908412], "rotation": [-0.0678014996317363, 0.1430485074370946, -0.8995529224876193, 0.4071174533371057]}}}, {"frame": 55, "pose": "idleToWalk_L_touched_ground", "deltaLocation": [-0.020847, -0.120409, 0.0], "deltaRotation": [0.0, 0.0, -0.0394611, 0.999221], "poseID": null,