{"02001_11_MOB1_Stand_Relaxed_To_Walk_L135_Fwd": {"frameRate": 60, "standalone": true, "isLoop": false, "secondsStart": 0.016666666666666666, "secondsEnd": 1.3333333333333333, "groundBoneL": "L_MidToe1", "groundBoneR": "R_MidToe1", "moveList": ["Transition", "Walk"], "criticalPoses": [{"frame": 1, "pose": "idleToWalk_wR_neutral_fL_aboutBendKnees", "deltaLocation": [0.0, 0.0, 0.0], "deltaRotation": [0.0, 0.0, 0.0, 1.0], "poseID": 111, "globalTransform": {"BoneRoot/Hip/Pelvis/L_Thigh/L_Calf/L_Foot": {"location": [15.61463028215532, -0.9438469614160808, 10.273904178115735], "rotation": [-0.0195072124305758, 0.1992379892486349, -0.9700258658121148, 0.1377443717863132]}, "BoneRoot/Hip/Pelvis/L_Thigh/L_Calf/L_Foot/L_ToeBase": {"location": [19.561652213982825, -14.370806831471638, 4.312345402014901], "rotation": [0.0162991401024404, 0.1367257092236436, -0.9825861543704576, 0.1247592389712607]}, "BoneRoot/Hip/Pelvis/R_Thigh/R_Calf/R_Foot": {"location": [-16.1703856597346, 0.2786978015708125, 10.17482728346421], "rotation": [-0.0414732928794681, -0.2036797002061785, 0.9431179240590152, 0.2594670056486352]}, "BoneRoot/Hip/Pelvis/R_Thigh/R_Calf/R_Foot/R_ToeBase": {"location": [-23.358238722653127, -11.62236603483091, 4.0035127227203215], "rotation": [0.0006034426294866, -0.1507174607139207, 0.9573855856930256, 0.2463670497452186]}}}, {"frame": 9, "pose": "idleToWalk_wR_neutral_fL", "deltaLocation": [-0.0107988, 0.0261845, 0.0], "deltaRotation": [0.0, 0.0, 0.0528508, 0.998602], "poseID": null, "globalTransform": {"BoneRoot/Hip/Pelvis/L_Thigh/L_Calf/L_Foot": {"location": [16.421105124864393, -5.634083545565801, 11.286569865209154], "rotation": [-0.0140307735581945, 0.2258978701109741, -0.9696955150844656, 0.0919994440078715]}, "BoneRoot/Hip/Pelvis/L_Thigh/L_Calf/L_Foot/L_ToeBase": {"location": [19.03898908867516, -19.035986318499415, 4.582966975943052], "rotation": [0.0199633555539372, 0.1491209011458529, -0.9854900732180863, 0.0785731306814648]}, "BoneRoot/Hip/Pelvis/R_Thigh/R_Calf/R_Foot": {"location": [-15.261422908430704, -0.8365659283251692, 10.457088728240212], "rotation": [-0.0502498107188116, -0.2090084740118495, 0.9263724013778109, 0.3092322562079672]}, "BoneRoot/Hip/Pelvis/R_Thigh/R_Calf/R_Foot/R_ToeBase": {"location": [-23.657077900491107, -11.80969798965786, 4.094003367538165], "rotation": [-0.0075639061922523, -0.1525465146061643, 0.9427360850529442, 0.2965147924533853]}}}, {"frame": 18, "pose": "idleToWalk_wR_lean_fL_aboutToLift", "deltaLocation": [-0.032223, 0.0539243, 0.0], "deltaRotation": [0.0, 0.0, 0.18305, 0.983104], "poseID": null, "globalTransform": {"BoneRoot/Hip/Pelvis/L_Thigh/L_Calf/L_Foot": {"location": [16.785816182039184, -18.060872814955523, 12.562029030469157], "rotation": [0.1209937579001831, -0.2345187270566925, 0.9615243398735912, 0.0763702889843635]}, "BoneRoot/Hip/Pelvis/L_Thigh/L_Calf/L_Foot/L_ToeBase": {"location": [13.688620849490526, -31.422114048877155, 5.98274546366737], "rotation": [0.0994063862916467, -0.1695554162425897, 0.976934252291247, 0.0834793261076077]}, "BoneRoot/Hip/Pelvis/R_Thigh/R_Calf/R_Foot": {"location": [-13.456241405286349, -1.563234061325801, 10.424795496301137], "rotation": [-0.083135479410404, -0.2013693082699567, 0.8529359176281919, 0.4743829825887895]}, "BoneRoot/Hip/Pelvis/R_Thigh/R_Calf/R_Foot/R_ToeBase": {"location": [-25.256646629427763, -8.694547205697527, 3.9998064003993967], "rotation": [-0.0373539047286862, -0.1470046400137238, 0.8728387739699005, 0.4638391922538205]}}}, {"frame": 27, "pose": "idleToWalk_L_Foot_High1", "deltaLocation": [0.0225596, 0.0249054, 0.0], "deltaRotation": [0.0, 0.0, 0.178896, 0.983868], "poseID": null, "globalTransform": {"BoneRoot/Hip/Pelvis/L_Thigh/L_Calf/L_Foot": {"location": [21.15858464583068, -22.09626165084185, 14.10333807499213], "rotation": [-0.0632646208754463, 0.0983195067152857, -0.958323962248012, 0.2606646230811147]}, "BoneRoot/Hip/Pelvis/L_Thigh/L_Calf/L_Foot/L_ToeBase": {"location": [28.569403501434948, -34.94682478522737, 10.73511207129392], "rotation": [-0.0190172561958298, 0.0425182283263634, -0.9663017092485298, 0.2531630915637967]}, "BoneRoot/Hip/Pelvis/R_Thigh/R_Calf/R_Foot": {"location": [-16.20402457875097, 1.6092176434962902, 10.760236577623896], "rotation": [-0.115537487483202, -0.1942019118880685, 0.7518820511613381, 0.6193626462311939]}, "BoneRoot/Hip/Pelvis/R_Thigh/R_Calf/R_Foot/R_ToeBase": {"location": [-29.688966578148303, -0.784157493111806, 4.141065778338259], "rotation": [-0.0623015915068353, -0.1390981804358323, 0.7755779238694251, 0.6125757846189714]}}}, {"frame": 42, "pose": "idleToWalk_L_touched_ground", "deltaLocation": [0.193835, -0.0607977, 0.0], "deltaRotation": [0.0, 0.0, 0.278827, 0.960341], "poseID": null, "globalTransform": {"BoneRoot/Hip/Pelvis/L_Thigh/L_Calf/L_Foot": {"location": [12.687408486989147, -25.918251958169744, 10.477637747491237], "rotation": [-0.0627216684966274, 0.1552411564901573, -0.8860904708544378, 0.4322150542190292]}, "BoneRoot/Hip/Pelvis/L_Thigh/L_Calf/L_Foot/L_ToeBase": {"location": [24.04306739616963, -34.71336428305966, 5.467924845858195], "rotation": [-0.009005379227217, 0.106820841017338, -0.8996204883033553, 0.4233098015569156]}, "BoneRoot/Hip/Pelvis/R_Thigh/R_Calf/R_Foot": {"location": [-28.318800084790738, 25.09097367692136, 15.27400710905568], "rotation": [-0.1816730535074802, -0.2831744899774962, 0.5365540372255146, 0.7738971992404768]}, "BoneRoot/Hip/Pelvis/R_Thigh/R_Calf/R_Foot/R_ToeBase": {"location": [-39.38636180825669, 30.539971855636995, 6.374413542097672], "rotation": [-0.1449414540646094, -0.1448070421831972, 0.5811318342054141, 0.787596779260074]}}}, {"frame": 53, "pose": "idleToWalk_R_Foot_High1", "deltaLocation": [0.120677, -0.159553, 0.0], "deltaRotation": [0.0, 0.0, 0.205235, 0.978713], "poseID": null, "globalTransform": {"BoneRoot/Hip/Pelvis/L_Thigh/L_Calf/L_Foot": {"location": [-3.3570904522607794, -9.8425213728352, 10.26472056251322], "rotation": [-0.0255054917145733, 0.2066910093672062, -0.9479374470889236, 0.2409209267492087]}, "BoneRoot/Hip/Pelvis/L_Thigh/L_Calf/L_Foot/L_ToeBase": {"location": [3.430817788002221, -21.98875974143677, 4.11689519018339], "rotation": [0.0165320391685576, 0.1486759111038442, -0.9620968071018668, 0.228017321497215]}, "BoneRoot/Hip/Pelvis/R_Thigh/R_Calf/R_Foot": {"location": [-19.57050363699616, 28.9067892289343, 26.83729964617173], "rotation": [0.0687068777240643, -0.5930864479928116, 0.6961316918592477, 0.3986583722309892]}, "BoneRoot/Hip/Pelvis/R_Thigh/R_Calf/R_Foot/R_ToeBase": {"location": [-29.25321251376817, 29.23169944340757, 15.110198150173252], "rotation": [0.1089512589760383, -0.563872547815617, 0.7309459140778027, 0.3686399919710643]}}}, {"frame": 61, "pose": "idleToWalk_R_Foot_H_Together", "deltaLocation": [0.0259702, -0.135533, 0.0], "deltaRotation": [0.0, 0.0, 0.115432, 0.993315], "poseID": null, "globalTransform": {"BoneRoot/Hip/Pelvis/L_Thigh/L_Calf/L_Foot": {"location": [-4.726295460838099, 5.0106720780214715, 10.088601113071634], "rotation": [-0.0189564088147234, 0.2078896192987386, -0.9697933272111996, 0.1261882056664015]}, "BoneRoot/Hip/Pelvis/L_Thigh/L_Calf/L_Foot/L_ToeBase": {"location": [-1.1228640130556968, -8.401895905911879, 3.882176788291191], "rotation": [0.0159200645563106, 0.1450902413233731, -0.9828224178148276, 0.1129401100489304]}, "BoneRoot/Hip/Pelvis/R_Thigh/R_Calf/R_Foot": {"location": [-12.926984354275742, 2.3847178548579677, 19.994563116480645], "rotation": [0.0070889314427756, -0.3960570812046305, 0.8923417551726643, 0.2163671126905313]}, "BoneRoot/Hip/Pelvis/R_Thigh/R_Calf/R_Foot/R_ToeBase": {"location": [-18.886377593601395, -6.63026795125824, 9.289369771510817], "rotation": [0.0435822617216936, -0.3465672408098459, 0.9164769527899992, 0.1950941543599637]}}}, {"frame": 69, "pose": "idleToWalk_R_Foot_Low", "deltaLocation": [-0.00523299, -0.0919857, 0.0], "deltaRotation": [0.0, 0.0, 0.0235679, 0.999722], "poseID": null,