{"02001_23_MOB1_IdleToIdle_RFootLiftHigh": {"frameRate": 60, "standalone": false, "isLoop": false, "secondsStart": 0.016666666666666666, "secondsEnd": 1.6, "groundBoneL": "L_MidToe1", "groundBoneR": "R_MidToe1", "moveList": ["Idle"], "criticalPoses": [{"frame": 1, "pose": "wL_neutral_to_wlean_fR", "deltaLocation": [0.0, 0.0, 0.0], "deltaRotation": [0.0, 0.0, 0.0, 1.0], "poseID": null, "globalTransform": {"BoneRoot/Hip/Pelvis/L_Thigh/L_Calf/L_Foot": {"location": [15.61463028215532, -0.943846961416071, 10.273904178115735], "rotation": [-0.0195072124305758, 0.1992379892486351, -0.9700258658121148, 0.1377443717863133]}, "BoneRoot/Hip/Pelvis/L_Thigh/L_Calf/L_Foot/L_ToeBase": {"location": [19.561652213982825, -14.370806831471622, 4.312345402014898], "rotation": [0.0162991401024404, 0.1367257092236438, -0.9825861543704576, 0.1247592389712607]}, "BoneRoot/Hip/Pelvis/R_Thigh/R_Calf/R_Foot": {"location": [-16.1703856597346, 0.2786978015708125, 10.17482728346421], "rotation": [-0.0414732928794682, -0.2036797002061784, 0.9431179240590152, 0.2594670056486352]}, "BoneRoot/Hip/Pelvis/R_Thigh/R_Calf/R_Foot/R_ToeBase": {"location": [-23.358238722653127, -11.622366034830906, 4.003512722720323], "rotation": [0.0006034426294865, -0.1507174607139207, 0.9573855856930256, 0.2463670497452186]}}}, {"frame": 26, "pose": "aR_q1_fR", "deltaLocation": [0.0196026, 0.0281904, 0.0], "deltaRotation": [0.0, 0.0, -0.142699, 0.989766], "poseID": null, "globalTransform": {"BoneRoot/Hip/Pelvis/L_Thigh/L_Calf/L_Foot": {"location": [14.135596496617644, 0.0488958088483162, 10.6327074823894], "rotation": [-0.0416138925128189, 0.2089452900866577, -0.9372591196641624, 0.2759628458812773]}, "BoneRoot/Hip/Pelvis/L_Thigh/L_Calf/L_Foot/L_ToeBase": {"location": [21.74029624148308, -11.517778673882871, 4.325333170683742], "rotation": [-0.0040228621195309, 0.1423586215820531, -0.954103232489428, 0.2634480237064786]}, "BoneRoot/Hip/Pelvis/R_Thigh/R_Calf/R_Foot": {"location": [-17.620379217163276, -2.102704540622286, 10.350747649909344], "rotation": [-0.0198923845252729, -0.2000757939443755, 0.9718476371355992, 0.1228256484183143]}, "BoneRoot/Hip/Pelvis/R_Thigh/R_Calf/R_Foot/R_ToeBase": {"location": [-21.13095490615805, -15.637262076437487, 4.361001909655873], "rotation": [0.0146857599219952, -0.1415857102756506, 0.983848546201178, 0.1085350323125278]}}}, {"frame": 49, "pose": "aR_q3_fR", "deltaLocation": [0.0625049, 0.0315526, 0.0], "deltaRotation": [0.0, 0.0, -0.00133745, 0.999999], "poseID": null, "globalTransform": {"BoneRoot/Hip/Pelvis/L_Thigh/L_Calf/L_Foot": {"location": [8.00666936355854, -2.9416945688292095, 10.585959682580288], "rotation": [-0.0505934132362095, 0.2014816182381704, -0.9389759809654464, 0.2741706972293279]}, "BoneRoot/Hip/Pelvis/L_Thigh/L_Calf/L_Foot/L_ToeBase": {"location": [15.528997344023605, -14.6315541224657, 4.408259560872442], "rotation": [-0.0040444024810806, 0.1404746606761492, -0.9540048778918996, 0.2648116415019433]}, "BoneRoot/Hip/Pelvis/R_Thigh/R_Calf/R_Foot": {"location": [-19.705517843519807, -0.5043856897909107, 17.677184295984517], "rotation": [-0.0244519232914893, -0.2953432439800629, 0.9227756403444336, 0.2462916751934599]}, "BoneRoot/Hip/Pelvis/R_Thigh/R_Calf/R_Foot/R_ToeBase": {"location": [-26.400199184716755, -11.21658893459642, 9.202788342694772], "rotation": [0.0156305086696995, -0.2433636334557847, 0.9422277773045886, 0.2296446053918524]}}}, {"frame": 73, "pose": "wL_neutral_to_wlean_fR", "deltaLocation": [-0.068221, -0.0336455, 0.0], "deltaRotation": [0.0, 0.0, -0.000965968, 1.0], "poseID": null, "globalTransform": {"BoneRoot/Hip/Pelvis/L_Thigh/L_Calf/L_Foot": {"location": [14.719821608154763, 0.3058116780176814, 10.64338467034565], "rotation": [-0.0423086816860085, 0.2091303015123567, -0.9365779524254072, 0.2780219981835514]}, "BoneRoot/Hip/Pelvis/L_Thigh/L_Calf/L_Foot/L_ToeBase": {"location": [22.37282284036087, -11.22379867046103, 4.3265758341554434], "rotation": [-0.0043572450656762, 0.1423251095916177, -0.9534974272876038, 0.2656449392536821]}, "BoneRoot/Hip/Pelvis/R_Thigh/R_Calf/R_Foot": {"location": [-17.012703405701394, -2.009309344432872, 10.323785389507131], "rotation": [-0.018978603074505, -0.2009427621366342, 0.9718968834502734, 0.1211538976256486]}, "BoneRoot/Hip/Pelvis/R_Thigh/R_Calf/R_Foot/R_ToeBase": {"location": [-20.479101997728375, -15.545705058836717, 4.312488579444347], "rotation": [0.0154696890565637, -0.1423817190167398, 0.983914933336576, 0.1067686225799165]}}}, {"frame": 96, "pose": "wL_neutral_to_wlean_fR", "deltaLocation": [-0.00489396, -0.0306921, 0.0], "deltaRotation": [0.0, 0.0, 0.144978, 0.989435], "poseID": null, "globalTransform": {"BoneRoot/Hip/Pelvis/L_Thigh/L_Calf/L_Foot": {"location": [15.614630282155336, -0.9438469614160704, 10.273904178115735], "rotation": [-0.0195072124305758, 0.1992379892486351, -0.9700258658121148, 0.1377443717863133]}, "BoneRoot/Hip/Pelvis/L_Thigh/L_Calf/L_Foot/L_ToeBase": {"location": [19.56165221398284, -14.37080683147162, 4.312345402014899], "rotation": [0.0162991401024404, 0.1367257092236438, -0.9825861543704576, 0.1247592389712607]}, "BoneRoot/Hip/Pelvis/R_Thigh/R_Calf/R_Foot": {"location": [-16.170385659734592, 0.2786978015708153, 10.17482728346419], "rotation": [-0.0414732928794682, -0.2036797002061783, 0.9431179240590152, 0.2594670056486352]}, "BoneRoot/Hip/Pelvis/R_Thigh/R_Calf/R_Foot/R_ToeBase": {"location": [-23.358238722653123, -11.622366034830913, 4.003512722720304], "rotation": [0.0006034426294865, -0.1507174607139206, 0.9573855856930256, 0.2463670497452187]}}}], "rootMovement": [{"frame": 1, "deltaLocation": [0.0, 0.0, -0.0], "deltaRotation": [0, 0, 0, 1], "footOnGround": 3}]}}