{"02001_33_MOB1_Stand_Rlx_Turn_In_Place_R_Loop": {"frameRate": 60, "standalone": true, "isLoop": false, "secondsStart": 0.016666666666666666, "secondsEnd": 0.7, "groundBoneL": "L_MidToe1", "groundBoneR": "R_MidToe1", "moveList": ["Idle"], "criticalPoses": [{"frame": 1, "pose": "aR_q1_fL", "deltaLocation": [0.0, 0.0, 0.0], "deltaRotation": [0.0, 0.0, 0.0, 1.0], "poseID": 111, "globalTransform": {"BoneRoot/Hip/Pelvis/L_Thigh/L_Calf/L_Foot": {"location": [15.61463028215534, -0.94384696141609, 10.273904178115735], "rotation": [-0.0195072124305757, 0.1992379892486349, -0.9700258658121148, 0.1377443717863133]}, "BoneRoot/Hip/Pelvis/L_Thigh/L_Calf/L_Foot/L_ToeBase": {"location": [19.561652213982843, -14.370806831471642, 4.312345402014902], "rotation": [0.0162991401024405, 0.1367257092236437, -0.9825861543704576, 0.1247592389712607]}, "BoneRoot/Hip/Pelvis/R_Thigh/R_Calf/R_Foot": {"location": [-16.170385659734595, 0.2786978015708169, 10.17482728346419], "rotation": [-0.0414732928794682, -0.2036797002061785, 0.9431179240590152, 0.2594670056486352]}, "BoneRoot/Hip/Pelvis/R_Thigh/R_Calf/R_Foot/R_ToeBase": {"location": [-23.35823872265312, -11.622366034830906, 4.0035127227203], "rotation": [0.0006034426294865, -0.1507174607139207, 0.9573855856930256, 0.2463670497452186]}}}, {"frame": 12, "pose": "aR_q3_fR", "deltaLocation": [0.0597469, 0.00510715, 0.0], "deltaRotation": [0.0, 0.0, -0.144725, 0.989472], "poseID": null, "globalTransform": {"BoneRoot/Hip/Pelvis/L_Thigh/L_Calf/L_Foot": {"location": [9.644438309034063, 1.3616817247962771, 10.290726707972704], "rotation": [-0.0475141362463071, 0.1945196067532816, -0.9398120899617102, 0.2768713871224663]}, "BoneRoot/Hip/Pelvis/L_Thigh/L_Calf/L_Foot/L_ToeBase": {"location": [17.279905884918467, -10.366774663207584, 4.328740869782164], "rotation": [-0.0048864386491464, 0.1367156451467041, -0.9543508962674612, 0.2655170839756683]}, "BoneRoot/Hip/Pelvis/R_Thigh/R_Calf/R_Foot": {"location": [-18.654610558618643, -2.535017413655344, 11.608109487354264], "rotation": [-0.0353056421597689, -0.1668629410069235, 0.9161937597914652, 0.36262827395197]}, "BoneRoot/Hip/Pelvis/R_Thigh/R_Calf/R_Foot/R_ToeBase": {"location": [-28.583103692845217, -12.898665366501708, 6.567713894401508], "rotation": [0.0124906902482339, -0.1188470985957798, 0.9290314733041712, 0.3501712030175652]}}}, {"frame": 27, "pose": "aL_q1_fR", "deltaLocation": [-0.00817282, -0.00964085, 0.0], "deltaRotation": [0.0, 0.0, -0.149949, 0.988694], "poseID": null, "globalTransform": {"BoneRoot/Hip/Pelvis/L_Thigh/L_Calf/L_Foot": {"location": [9.660958206131896, 4.390508552095637, 12.372943583788317], "rotation": [-0.0592674508477642, 0.2420993884128414, -0.8760461841254832, 0.4128175610112972]}, "BoneRoot/Hip/Pelvis/L_Thigh/L_Calf/L_Foot/L_ToeBase": {"location": [20.227249372353196, -3.8533446143858985, 5.17606553766842], "rotation": [-0.0275774216495171, 0.1553714963331984, -0.90237265661035, 0.4010271468919866]}, "BoneRoot/Hip/Pelvis/R_Thigh/R_Calf/R_Foot": {"location": [-11.614200516810724, 0.2471014908616795, 10.188460477798396], "rotation": [-0.0576462233486696, -0.1936960675570476, 0.9182479636317676, 0.3405575188315231]}, "BoneRoot/Hip/Pelvis/R_Thigh/R_Calf/R_Foot/R_ToeBase": {"location": [-20.78832978611993, -10.294375014380764, 4.180281577400469], "rotation": [-0.0118773058008749, -0.144745440452916, 0.9331988255641126, 0.328706007004382]}}}, {"frame": 35, "pose": "aL_q3_fL", "deltaLocation": [0.00630428, -0.0128004, 0.0], "deltaRotation": [0.0, 0.0, -0.0423552, 0.999103], "poseID": null, "globalTransform": {"BoneRoot/Hip/Pelvis/L_Thigh/L_Calf/L_Foot": {"location": [17.232436788009938, 0.9740641574742668, 12.416879187217177], "rotation": [-0.0281652082014836, 0.1927994857296324, -0.957341848597845, 0.2133814993681906]}, "BoneRoot/Hip/Pelvis/L_Thigh/L_Calf/L_Foot/L_ToeBase": {"location": [23.2823435976846, -11.7216636445363, 6.618640522652939], "rotation": [0.0105180185903142, 0.1323143896632192, -0.9705996928688552, 0.2007946955869785]}, "BoneRoot/Hip/Pelvis/R_Thigh/R_Calf/R_Foot": {"location": [-12.312706598638892, 0.435674304350492, 10.190954842111724], "rotation": [-0.0469117544703676, -0.1993321968732949, 0.931100304536159, 0.3018578895355397]}, "BoneRoot/Hip/Pelvis/R_Thigh/R_Calf/R_Foot/R_ToeBase": {"location": [-20.578986365250376, -10.79475709211133, 4.113836173008607], "rotation": [-0.0023928278095159, -0.1484772593578893, 0.9456676285038786, 0.2892430020389333]}}}, {"frame": 42, "pose": "wL_neutral_to_wlean_fL", "deltaLocation": [0.0372148, -0.0128868, 0.0], "deltaRotation": [0.0, 0.0, -0.0443604, 0.999016], "poseID": 111, "globalTransform": {"BoneRoot/Hip/Pelvis/L_Thigh/L_Calf/L_Foot": {"location": [15.614630282155332, -0.9438469614160888, 10.273904178115709], "rotation": [-0.0195072124305758, 0.199237989248635, -0.9700258658121148, 0.1377443717863133]}, "BoneRoot/Hip/Pelvis/L_Thigh/L_Calf/L_Foot/L_ToeBase": {"location": [19.561652213982832, -14.370806831471649, 4.3123454020148735], "rotation": [0.0162991401024405, 0.1367257092236437, -0.9825861543704576, 0.1247592389712606]}, "BoneRoot/Hip/Pelvis/R_Thigh/R_Calf/R_Foot": {"location": [-16.170385659734592, 0.2786978015708135, 10.174827283464191], "rotation": [-0.0414732928794682, -0.2036797002061783, 0.9431179240590152, 0.2594670056486351]}, "BoneRoot/Hip/Pelvis/R_Thigh/R_Calf/R_Foot/R_ToeBase": {"location": [-23.35823872265312, -11.622366034830913, 4.003512722720305], "rotation": [0.0006034426294865, -0.1507174607139206, 0.9573855856930256, 0.2463670497452186]}}}], "rootMovement": [{"frame": 1, "deltaLocation": [0.0, 0.0, -0.0], "deltaRotation": [0, 0, 0, 1], "footOnGround": 3}]}}