{"02001_25_MOB1_Stand_Relaxed_L_180": {"frameRate": 60, "standalone": true, "isLoop": false, "secondsStart": 0.016666666666666666, "secondsEnd": 2.8, "groundBoneL": "L_MidToe1", "groundBoneR": "R_MidToe1", "moveList": ["Idle"], "criticalPoses": [{"frame": 1, "pose": "wL_neutral_to_wlean_fL", "deltaLocation": [0.0, 0.0, 0.0], "deltaRotation": [0.0, 0.0, 0.0, 1.0], "poseID": 111, "globalTransform": {"BoneRoot/Hip/Pelvis/L_Thigh/L_Calf/L_Foot": {"location": [15.614630282155332, -0.9438469614160716, 10.273904178115735], "rotation": [-0.0195072124305757, 0.1992379892486351, -0.9700258658121148, 0.1377443717863133]}, "BoneRoot/Hip/Pelvis/L_Thigh/L_Calf/L_Foot/L_ToeBase": {"location": [19.561652213982835, -14.370806831471622, 4.3123454020149], "rotation": [0.0162991401024405, 0.1367257092236437, -0.9825861543704576, 0.1247592389712607]}, "BoneRoot/Hip/Pelvis/R_Thigh/R_Calf/R_Foot": {"location": [-16.170385659734595, 0.2786978015708169, 10.17482728346419], "rotation": [-0.0414732928794682, -0.2036797002061784, 0.9431179240590152, 0.2594670056486352]}, "BoneRoot/Hip/Pelvis/R_Thigh/R_Calf/R_Foot/R_ToeBase": {"location": [-23.358238722653123, -11.622366034830907, 4.003512722720302], "rotation": [0.0006034426294865, -0.1507174607139206, 0.9573855856930256, 0.2463670497452186]}}}, {"frame": 22, "pose": "aR_q1_fL", "deltaLocation": [0.0201032, -0.0126877, 0.0], "deltaRotation": [0.0, 0.0, 0.0602209, 0.998185], "poseID": null, "globalTransform": {"BoneRoot/Hip/Pelvis/L_Thigh/L_Calf/L_Foot": {"location": [13.517323593558723, -1.3420423984786964, 10.461899755881449], "rotation": [-0.0050321060409616, 0.202239592167748, -0.9760869074539448, 0.0795498231651718]}, "BoneRoot/Hip/Pelvis/L_Thigh/L_Calf/L_Foot/L_ToeBase": {"location": [15.848865277857078, -15.117080461942304, 4.444026267798971], "rotation": [0.0269382325729186, 0.13774353821843, -0.9879256421363484, 0.0656046866801381]}, "BoneRoot/Hip/Pelvis/R_Thigh/R_Calf/R_Foot": {"location": [-17.92228788785139, 3.796330556209109, 10.042066291554304], "rotation": [-0.0589386127218745, -0.2007485128071629, 0.9252009279428928, 0.3165904570099093]}, "BoneRoot/Hip/Pelvis/R_Thigh/R_Calf/R_Foot/R_ToeBase": {"location": [-26.47359410457287, -7.139669675909193, 3.823992130010722], "rotation": [-0.0150423889411874, -0.1442020024616588, 0.9413421347092392, 0.3047203544925125]}}}, {"frame": 40, "pose": "aR_q3_fL", "deltaLocation": [0.0255821, -0.0329848, 0.0], "deltaRotation": [0.0, 0.0, 0.230117, 0.973163], "poseID": null, "globalTransform": {"BoneRoot/Hip/Pelvis/L_Thigh/L_Calf/L_Foot": {"location": [10.792897050206925, -3.1408230298685567, 10.157482417648437], "rotation": [-0.0323553470325987, -0.1949939481129131, 0.9688634862158506, 0.1491108205175165]}, "BoneRoot/Hip/Pelvis/L_Thigh/L_Calf/L_Foot/L_ToeBase": {"location": [6.589716336213591, -16.5195766568175, 4.263031404015448], "rotation": [-0.0485663146431481, -0.1247013051845413, 0.9772246217385742, 0.1646904254507694]}, "BoneRoot/Hip/Pelvis/R_Thigh/R_Calf/R_Foot": {"location": [-18.895832451155833, 5.083131681927711, 17.99310414076229], "rotation": [0.0170109779170034, -0.3446399647855151, 0.8943898590237465, 0.2846062216087855]}, "BoneRoot/Hip/Pelvis/R_Thigh/R_Calf/R_Foot/R_ToeBase": {"location": [-26.818413167152777, -4.050436872900342, 8.762925393868182], "rotation": [0.0578435355005301, -0.2958974649242082, 0.916154720976352, 0.2641199403395519]}}}, {"frame": 58, "pose": "aL_q1_fL", "deltaLocation": [-0.1209, -0.0266469, 0.0], "deltaRotation": [0.0, 0.0, 0.279745, 0.960074], "poseID": null, "globalTransform": {"BoneRoot/Hip/Pelvis/L_Thigh/L_Calf/L_Foot": {"location": [19.270308581283196, -12.848050915011918, 11.15716153436172], "rotation": [-0.0363669451431489, -0.1897249250143836, 0.8922467263357573, 0.4081392868523759]}, "BoneRoot/Hip/Pelvis/L_Thigh/L_Calf/L_Foot/L_ToeBase": {"location": [8.401142329819292, -21.8970532691012, 5.555473594904006], "rotation": [-0.0328249068071875, -0.1171765756854664, 0.8981666239975183, 0.422479456471706]}, "BoneRoot/Hip/Pelvis/R_Thigh/R_Calf/R_Foot": {"location": [-14.79593852848963, -1.0776742655018827, 10.089706434848384], "rotation": [-0.0110216136968424, -0.2047970315872632, 0.9781044073795836, 0.0353336687763511]}, "BoneRoot/Hip/Pelvis/R_Thigh/R_Calf/R_Foot/R_ToeBase": {"location": [-15.778843242186458, -14.9750938868863, 3.9838648311903655], "rotation": [0.0203761191391855, -0.1435361308789506, 0.9892146993553728, 0.0208918998749722]}}}, {"frame": 75, "pose": "aL_q3_fL", "deltaLocation": [-0.0962798, 0.0259641, 0.0], "deltaRotation": [0.0, 0.0, 0.300866, 0.953667], "poseID": null, "globalTransform": {"BoneRoot/Hip/Pelvis/L_Thigh/L_Calf/L_Foot": {"location": [15.532553153259066, -1.9208543600453003, 14.17151354836164], "rotation": [-0.0233780055215036, 0.2193884466618944, -0.9443840584674458, 0.2438461163145184]}, "BoneRoot/Hip/Pelvis/L_Thigh/L_Calf/L_Foot/L_ToeBase": {"location": [22.382806789145008, -13.859366535416775, 7.694741838187557], "rotation": [0.0187233884237168, 0.1615976890072435, -0.9593866791354496, 0.2304621911093164]}, "BoneRoot/Hip/Pelvis/R_Thigh/R_Calf/R_Foot": {"location": [-6.288483497384814, -0.1334248883575899, 10.01673177369484], "rotation": [-0.0657289057156757, -0.1973790342375341, 0.9210256899553224, 0.3292915216631006]}, "BoneRoot/Hip/Pelvis/R_Thigh/R_Calf/R_Foot/R_ToeBase": {"location": [-15.120730874566153, -10.860673225116264, 3.8277531023074944], "rotation": [-0.019784471784508, -0.1476417368835724, 0.9363243003420324, 0.3179737360148061]}}}, {"frame": 92, "pose": "aR_q1_fL", "deltaLocation": [0.0124813, 0.0240319, 0.0], "deltaRotation": [0.0, 0.0, 0.297361, 0.954765], "poseID": null, "globalTransform": {"BoneRoot/Hip/Pelvis/L_Thigh/L_Calf/L_Foot": {"location": [13.37069722050342, -4.96113076851095, 10.383161360212624], "rotation": [-0.0665582849230224, 0.1881077382859115, -0.9042823924129616, 0.3774371845446008]}, "BoneRoot/Hip/Pelvis/L_Thigh/L_Calf/L_Foot/L_ToeBase": {"location": [23.373874922418608, -14.762276820797045, 4.4437733093992], "rotation": [-0.0161754461301162, 0.1366281418376059, -0.919648142602364, 0.3678564932259816]}, "BoneRoot/Hip/Pelvis/R_Thigh/R_Calf/R_Foot": {"location": [-7.577019730148701, 1.963241193563987, 10.134293373633914], "rotation": [-0.1062289916442331, -0.1782119262660979, 0.7794945824138227, 0.591053387316473]}, "BoneRoot/Hip/Pelvis/R_Thigh/R_Calf/R_Foot/R_ToeBase": {"location": [-21.0175918516425, -1.6537721754626782, 3.998057671432234], "rotation": [-0.0490928151594554, -0.1440472947187333, 0.7978175167566147, 0.583375935688337]}}}, {"frame": 110, "pose": "aR_q3_fL", "deltaLocation": [0.0178085, -0.00866897, 0.0], "deltaRotation": [0.0, 0.0, 0.195989, 0.980606], "poseID": null, "globalTransform": {"BoneRoot/Hip/Pelvis/L_Thigh/L_Calf/L_Foot": {"location": [9.241993940579974, -8.317859965350518, 10.252090153693157], "rotation": [-0.0361089771610525, 0.2059467378500199, -0.9590331611524696, 0.1911477929436253]}, "BoneRoot/Hip/Pelvis/L_Thigh/L_Calf/L_Foot/L_ToeBase": {"location": [14.593116477850874, -21.127735296486435, 4.033167569157606], "rotation": [0.0002490608627645, 0.1432804057257627, -0.9733958991845182, 0.1788046049589071]}, "BoneRoot/Hip/Pelvis/R_Thigh/R_Calf/R_Foot": {"location": [-16.50205566439665, 3.505612609906814, 16.582050005346584], "rotation": [-0.0502115746641495, -0.2857667465984239, 0.8805399794008271, 0.3747872849832154]}, "BoneRoot/Hip/Pelvis/R_Thigh/R_Calf/R_Foot/R_ToeBase": {"location": [-26.105624460439735, -4.947932408165777, 8.354384091008175], "rotation": [-0.0017878573202987, -0.2439404553612357, 0.9004638420619879, 0.3600760016209334]}}}, {"frame": 128, "pose": "aL_q1_fL", "deltaLocation": [-0.0616593, -0.000701646, 0.0], "deltaRotation": [0.0, 0.0, 0.112445, 0.993658], "poseID": null, "globalTransform": {"BoneRoot/Hip/Pelvis/L_Thigh/L_Calf/L_Foot": {"location": [13.085862997560572, -11.396641683064834, 10.450029534846893], "rotation": [-0.005413635653198, 0.1996709196767796, -0.9762587296815126, 0.0837920587232635]},