{"02001_26_MOB1_Stand_Relaxed_L_45": {"frameRate": 60, "standalone": true, "isLoop": false, "secondsStart": 0.016666666666666666, "secondsEnd": 1.8666666666666667, "groundBoneL": "L_MidToe1", "groundBoneR": "R_MidToe1", "moveList": ["Idle"], "criticalPoses": [{"frame": 1, "pose": "wL_neutral_to_wlean_fL", "deltaLocation": [0.0, 0.0, 0.0], "deltaRotation": [0.0, 0.0, 0.0, 1.0], "poseID": 111, "globalTransform": {"BoneRoot/Hip/Pelvis/L_Thigh/L_Calf/L_Foot": {"location": [15.614630282155323, -0.9438469614160822, 10.273904178115735], "rotation": [-0.0195072124305759, 0.199237989248635, -0.9700258658121148, 0.1377443717863133]}, "BoneRoot/Hip/Pelvis/L_Thigh/L_Calf/L_Foot/L_ToeBase": {"location": [19.561652213982825, -14.370806831471636, 4.3123454020149], "rotation": [0.0162991401024403, 0.1367257092236437, -0.9825861543704576, 0.1247592389712608]}, "BoneRoot/Hip/Pelvis/R_Thigh/R_Calf/R_Foot": {"location": [-16.1703856597346, 0.2786978015708125, 10.17482728346421], "rotation": [-0.0414732928794682, -0.2036797002061783, 0.9431179240590152, 0.2594670056486352]}, "BoneRoot/Hip/Pelvis/R_Thigh/R_Calf/R_Foot/R_ToeBase": {"location": [-23.358238722653127, -11.622366034830913, 4.003512722720327], "rotation": [0.0006034426294865, -0.1507174607139206, 0.9573855856930256, 0.2463670497452187]}}}, {"frame": 11, "pose": "wR_neutral_to_wlean_fL", "deltaLocation": [-0.00277485, 0.00178438, 0.0], "deltaRotation": [0.0, 0.0, 0.0103872, 0.999946], "poseID": null, "globalTransform": {"BoneRoot/Hip/Pelvis/L_Thigh/L_Calf/L_Foot": {"location": [15.899153255382211, -1.4354089065417803, 10.334487446008009], "rotation": [-0.0145531179568096, 0.1975421901811202, -0.9717270996122884, 0.128497991172124]}, "BoneRoot/Hip/Pelvis/L_Thigh/L_Calf/L_Foot/L_ToeBase": {"location": [19.61072174837439, -14.957738609245125, 4.437602994070327], "rotation": [0.020675913084281, 0.1346926726816903, -0.9839464809348684, 0.1152376379482111]}, "BoneRoot/Hip/Pelvis/R_Thigh/R_Calf/R_Foot": {"location": [-15.942570675835183, 0.4661020819427288, 10.060007427598334], "rotation": [-0.0483174359450946, -0.1987560958428005, 0.9411812312562248, 0.2689597175787406]}, "BoneRoot/Hip/Pelvis/R_Thigh/R_Calf/R_Foot/R_ToeBase": {"location": [-23.35177045267637, -11.342633854662786, 3.973681456664435], "rotation": [-0.0059047730344024, -0.1475420144543017, 0.955233124077388, 0.256371149491381]}}}, {"frame": 12, "pose": "wL_neutral_to_wlean_fL", "deltaLocation": [0.00036537, -0.000263125, 0.0], "deltaRotation": [0.0, 0.0, 0.00368192, 0.999993], "poseID": null, "globalTransform": {"BoneRoot/Hip/Pelvis/L_Thigh/L_Calf/L_Foot": {"location": [15.849877910685825, -1.5253640191648905, 10.350464491617672], "rotation": [-0.0136720853558836, 0.1975318226564313, -0.9722044376431294, 0.1249511286345833]}, "BoneRoot/Hip/Pelvis/L_Thigh/L_Calf/L_Foot/L_ToeBase": {"location": [19.463702102276244, -15.075161545982066, 4.455940160850883], "rotation": [0.0213279406156263, 0.134554883724841, -0.9843664392457112, 0.1116369808872058]}, "BoneRoot/Hip/Pelvis/R_Thigh/R_Calf/R_Foot": {"location": [-15.92899614529943, 0.6316893701263777, 10.040253601357186], "rotation": [-0.0499842999090911, -0.1988991392610294, 0.9400123801262094, 0.2726122289503507]}, "BoneRoot/Hip/Pelvis/R_Thigh/R_Calf/R_Foot/R_ToeBase": {"location": [-23.42279003725733, -11.115131041712166, 3.9377181596932016], "rotation": [-0.0083283791900733, -0.1480500577202024, 0.954162097248356, 0.2599740577129376]}}}, {"frame": 22, "pose": "aR_q1_fL", "deltaLocation": [0.0125685, -0.00742803, 0.0], "deltaRotation": [0.0, 0.0, 0.0593034, 0.99824], "poseID": null, "globalTransform": {"BoneRoot/Hip/Pelvis/L_Thigh/L_Calf/L_Foot": {"location": [14.372447278849398, -2.496252498381362, 10.433565422198578], "rotation": [0.0001150429896979, 0.1971364966356144, -0.9780494850646478, 0.0675010609111016]}, "BoneRoot/Hip/Pelvis/L_Thigh/L_Calf/L_Foot/L_ToeBase": {"location": [16.381862836896143, -16.387202988199192, 4.567886506639788], "rotation": [0.0313532928723206, 0.132216500309619, -0.9892861678190062, 0.0533727105731389]}, "BoneRoot/Hip/Pelvis/R_Thigh/R_Calf/R_Foot": {"location": [-16.85710571386245, 3.3324712126385174, 9.981670948397085], "rotation": [-0.0632900592949808, -0.1967299767137095, 0.9219008632923754, 0.3277048716718048]}, "BoneRoot/Hip/Pelvis/R_Thigh/R_Calf/R_Foot/R_ToeBase": {"location": [-25.66950743925162, -7.434267394571233, 3.8331318483449617], "rotation": [-0.0187200481191745, -0.1486224281725042, 0.936880174132224, 0.3159374510255124]}}}, {"frame": 38, "pose": "aR_q3_fL", "deltaLocation": [0.00762538, -0.0206884, 0.0], "deltaRotation": [0.0, 0.0, 0.164285, 0.986413], "poseID": null, "globalTransform": {"BoneRoot/Hip/Pelvis/L_Thigh/L_Calf/L_Foot": {"location": [12.818940933937188, -4.920956545008115, 10.062704531417642], "rotation": [-0.0248539671446329, -0.2024164953364303, 0.9742956597179856, 0.0956964481450897]}, "BoneRoot/Hip/Pelvis/L_Thigh/L_Calf/L_Foot/L_ToeBase": {"location": [10.135532081135937, -18.607786505766175, 3.990426198981301], "rotation": [-0.0448028215961851, -0.1332193927308254, 0.9838118063131808, 0.111173874342164]}, "BoneRoot/Hip/Pelvis/R_Thigh/R_Calf/R_Foot": {"location": [-20.252766678226088, 9.817374920752378, 16.61162427483874], "rotation": [-0.0070209617842276, -0.3123940071930681, 0.8885451821306168, 0.3359287866169714]}, "BoneRoot/Hip/Pelvis/R_Thigh/R_Calf/R_Foot/R_ToeBase": {"location": [-29.26699765398588, 1.0081608351414424, 8.095352289509771], "rotation": [0.035731280183784, -0.2663699059150948, 0.909278330870654, 0.3177786428448091]}}}, {"frame": 54, "pose": "aL_q1_fL", "deltaLocation": [-0.0837222, 0.0113265, 0.0], "deltaRotation": [0.0, 0.0, 0.136501, 0.99064], "poseID": null, "globalTransform": {"BoneRoot/Hip/Pelvis/L_Thigh/L_Calf/L_Foot": {"location": [19.0743895666514, -11.597500639290471, 10.529880763894122], "rotation": [-0.0279553463596875, -0.1949385530128352, 0.9525810032359512, 0.2319631251582039]}, "BoneRoot/Hip/Pelvis/L_Thigh/L_Calf/L_Foot/L_ToeBase": {"location": [12.517758740291663, -24.01636364723409, 4.6831119772903955], "rotation": [-0.0380880850858644, -0.1233154447886245, 0.960413944452602, 0.2468757868890138]}, "BoneRoot/Hip/Pelvis/R_Thigh/R_Calf/R_Foot": {"location": [-15.10739395329536, 5.021422756239609, 10.1348635361557], "rotation": [-0.0431359033632392, -0.2047857839243897, 0.9450636838857954, 0.251110951461142]}, "BoneRoot/Hip/Pelvis/R_Thigh/R_Calf/R_Foot/R_ToeBase": {"location": [-22.05860447083866, -6.995686057166473, 3.917543660484293], "rotation": [-0.0016123164441242, -0.1515163061029394, 0.9593550683012968, 0.2380715487940942]}}}, {"frame": 66, "pose": "aL_q3_fL", "deltaLocation": [-0.0458099, 0.0384791, 0.0], "deltaRotation": [0.0, 0.0, 0.0413326, 0.999145], "poseID": null, "globalTransform": {"BoneRoot/Hip/Pelvis/L_Thigh/L_Calf/L_Foot": {"location": [22.917679317870935, -7.613756989614451, 12.99218400103034], "rotation": [0.0564129736713074, -0.1698556593886046, 0.9814928554142468, 0.0681058451677343]}, "BoneRoot/Hip/Pelvis/L_Thigh/L_Calf/L_Foot/L_ToeBase": {"location": [20.592625746193384, -21.806846454272133, 8.03710752619817], "rotation": [0.0338865207741709, -0.1003756680272265, 0.9913659563968468, 0.0772655775573755]}, "BoneRoot/Hip/Pelvis/R_Thigh/R_Calf/R_Foot": {"location": [-10.446063876742228, 2.0830144735487046, 9.97066781191794], "rotation": [-0.0567464765529637, -0.2006744381989859, 0.9343520756431352, 0.2889564084662427]}, "BoneRoot/Hip/Pelvis/R_Thigh/R_Calf/R_Foot/R_ToeBase": {"location": [-18.31351476487716, -9.36298633370752, 3.767626184174225], "rotation": [-0.0119377201485352, -0.1448495336376153, 0.9497564847893812, 0.2771979852797251]}}}, {"frame": 83, "pose": "wR_neutral_to_wlean_fL", "deltaLocation": [0.0150227, 0.0129742, 0.0], "deltaRotation": [0.0, 0.0, 0.0240319, 0.999711], "poseID": null, "globalTransform": {"BoneRoot/Hip/Pelvis/L_Thigh/L_Calf/L_Foot": {"location": [19.602463831454884, -3.5769980999329976, 10.508393215954309],