{"02001_21_MOB1_Walk_L_CIR_Loop": {"frameRate": 60, "standalone": true, "isLoop": true, "secondsStart": 0.0, "secondsEnd": 1.2, "groundBoneL": "L_MidToe1", "groundBoneR": "R_MidToe1", "moveList": ["Walk"], "criticalPoses": [{"frame": 0, "pose": "walk_R_Foot_H_Together", "deltaLocation": [-0.00109004, -0.0218806, 0.0], "deltaRotation": [0.0, 0.0, 0.0172964, 0.99985], "poseID": -1, "globalTransform": {"BoneRoot/Hip/Pelvis/L_Thigh/L_Calf/L_Foot": {"location": [2.1387882651707137, 4.281642515049832, 10.129898227764372], "rotation": [0.0049561977195565, 0.2083730285867087, -0.9773612747507252, 0.036346329655203]}, "BoneRoot/Hip/Pelvis/L_Thigh/L_Calf/L_Foot/L_ToeBase": {"location": [3.251131323349163, -9.56912166010992, 3.939469147991132], "rotation": [0.0336278581491338, 0.1427298552461765, -0.9889564541621064, 0.0215055190316558]}, "BoneRoot/Hip/Pelvis/R_Thigh/R_Calf/R_Foot": {"location": [-8.567352479914735, 3.439026346101727, 24.40962871261065], "rotation": [0.0246581133504495, -0.4973280720232122, 0.8565989728644567, 0.1352588847774105]}, "BoneRoot/Hip/Pelvis/R_Thigh/R_Calf/R_Foot/R_ToeBase": {"location": [-12.465450348752793, -3.691182168404581, 11.550759439247162], "rotation": [0.0491824420358316, -0.4414673200028935, 0.8912454577661736, 0.0914834781587286]}}}, {"frame": 9, "pose": "walk_R_Foot_Low", "deltaLocation": [0.00425472, -0.191385, 0.0], "deltaRotation": [0.0, 0.0, 0.0758188, 0.997122], "poseID": null, "globalTransform": {"BoneRoot/Hip/Pelvis/L_Thigh/L_Calf/L_Foot": {"location": [4.928241763553886, 25.056048686428415, 10.020631223244148], "rotation": [-0.0451096420186755, -0.2023391250262317, 0.9778434224535562, 0.02909020187077]}, "BoneRoot/Hip/Pelvis/L_Thigh/L_Calf/L_Foot/L_ToeBase": {"location": [4.3406643134274905, 11.1154224810367, 3.9612707671929352], "rotation": [-0.061241450607008, -0.1319040605667117, 0.9870188210099252, 0.0681516728022148]}, "BoneRoot/Hip/Pelvis/R_Thigh/R_Calf/R_Foot": {"location": [-3.397434755013327, -34.07996402676575, 12.4467693549044], "rotation": [0.0452493247197454, 0.0688931659018958, -0.9965827731169068, 0.0053857804482858]}, "BoneRoot/Hip/Pelvis/R_Thigh/R_Calf/R_Foot/R_ToeBase": {"location": [-3.139474977528243, -49.14605844862657, 10.365509882380826], "rotation": [0.0129988945583149, -0.0060607775661705, -0.999231811714278, 0.0364702916598829]}}}, {"frame": 13, "pose": "walk_R_Foot_High2", "deltaLocation": [-0.0200348, -0.0992646, 0.0], "deltaRotation": [0.0, 0.0, -0.00110716, 0.999999], "poseID": null, "globalTransform": {"BoneRoot/Hip/Pelvis/L_Thigh/L_Calf/L_Foot": {"location": [5.270971377942287, 34.62249582159574, 11.15853942490762], "rotation": [0.0573017550921207, 0.2315952011462175, -0.970894336746418, 0.0210798136409877]}, "BoneRoot/Hip/Pelvis/L_Thigh/L_Calf/L_Foot/L_ToeBase": {"location": [6.297539339055337, 21.055881207902647, 4.354441706050851], "rotation": [-0.0312733067660617, -0.1276409823842861, 0.9887859154810568, 0.0709378125274423]}, "BoneRoot/Hip/Pelvis/R_Thigh/R_Calf/R_Foot": {"location": [-0.7576161057631134, -42.5006652436757, 12.90227751059282], "rotation": [0.0499256670906032, -0.0929868354535711, -0.9843228587173146, 0.1413130779668402]}, "BoneRoot/Hip/Pelvis/R_Thigh/R_Calf/R_Foot/R_ToeBase": {"location": [3.332713694224191, -56.84148613134978, 15.901556735412267], "rotation": [0.0254107332092063, -0.1627721281869007, -0.9743832441223518, 0.1530908961920307]}}}, {"frame": 20, "pose": "walk_R_touched_ground", "deltaLocation": [-0.0667837, -0.154398, 0.0], "deltaRotation": [0.0, 0.0, 0.033705, 0.999432], "poseID": null, "globalTransform": {"BoneRoot/Hip/Pelvis/L_Thigh/L_Calf/L_Foot": {"location": [10.910620172981387, 44.53978484656387, 18.558798256906492], "rotation": [0.0918273180425463, 0.4504411561840598, -0.8869943140496702, 0.0437217945678759]}, "BoneRoot/Hip/Pelvis/L_Thigh/L_Calf/L_Foot/L_ToeBase": {"location": [13.349056342938765, 35.55887024872473, 6.5255160910559376], "rotation": [-0.0370843630737271, -0.1507988708855643, 0.9845483549518868, 0.0809258136603432]}, "BoneRoot/Hip/Pelvis/R_Thigh/R_Calf/R_Foot": {"location": [-1.2742456902031014, -34.06883823017202, 10.104562433200286], "rotation": [-0.020589834216524, 0.1752449438528757, -0.9837935266392922, 0.0318679356652213]}, "BoneRoot/Hip/Pelvis/R_Thigh/R_Calf/R_Foot/R_ToeBase": {"location": [-0.4303891065689553, -48.315037538860885, 4.83964754340433], "rotation": [-0.0452200865823947, 0.1135979189782522, -0.991319395964628, 0.0483374777746652]}}}, {"frame": 29, "pose": "walk_L_Foot_High1", "deltaLocation": [-0.0136905, -0.250788, 0.0], "deltaRotation": [0.0, 0.0, 0.0355512, 0.999368], "poseID": null, "globalTransform": {"BoneRoot/Hip/Pelvis/L_Thigh/L_Calf/L_Foot": {"location": [6.926299193145184, 29.96283309080107, 31.891127729809796], "rotation": [0.0038326698968981, 0.7896506425946214, -0.6080594395386056, 0.081858971892884]}, "BoneRoot/Hip/Pelvis/L_Thigh/L_Calf/L_Foot/L_ToeBase": {"location": [8.532908218525119, 33.92544472191861, 17.2925292320772], "rotation": [0.0026968520048707, 0.7508757974748703, -0.6590088827723343, 0.0434229914089448]}, "BoneRoot/Hip/Pelvis/R_Thigh/R_Calf/R_Foot": {"location": [-0.4591371432606173, -9.31754605425919, 10.243879405881906], "rotation": [0.0271161519078874, -0.2054769565545936, 0.9782819539680804, 0.0028901853166196]}, "BoneRoot/Hip/Pelvis/R_Thigh/R_Calf/R_Foot/R_ToeBase": {"location": [-0.7148188207369683, -23.24420682532419, 4.130931507394391], "rotation": [-0.053448909320797, 0.1384268207620282, -0.9888512465517724, 0.0124274526408539]}}}, {"frame": 36, "pose": "walk_L_Foot_H_Together", "deltaLocation": [0.0245921, -0.153187, 0.0], "deltaRotation": [0.0, 0.0, 0.0392606, 0.999229], "poseID": null, "globalTransform": {"BoneRoot/Hip/Pelvis/L_Thigh/L_Calf/L_Foot": {"location": [7.257034136550413, 6.110948915283323, 25.665981496069435], "rotation": [0.0113617698007429, 0.5624703932167872, -0.8089132670162567, 0.1707550684068673]}, "BoneRoot/Hip/Pelvis/L_Thigh/L_Calf/L_Foot/L_ToeBase": {"location": [11.653966246012136, 1.4113605794367643, 11.88255210231204], "rotation": [0.0205490138321634, 0.5005363118014287, -0.8517463267794378, 0.1535230712840375]}, "BoneRoot/Hip/Pelvis/R_Thigh/R_Calf/R_Foot": {"location": [-2.474373109525165, 6.189008955259967, 10.362169164898514], "rotation": [0.0204408647133824, -0.2084711576322347, 0.9770060248660064, 0.0397639894976568]}, "BoneRoot/Hip/Pelvis/R_Thigh/R_Calf/R_Foot/R_ToeBase": {"location": [-3.7860821998986136, -7.652065861583195, 4.190560280670405], "rotation": [0.0498040401422432, -0.1385030080823402, 0.9887467656805008, 0.026763925235327]}}}, {"frame": 45, "pose": "walk_L_Foot_Low", "deltaLocation": [0.0541681, -0.217091, 0.0], "deltaRotation": [0.0, 0.0, 0.107074, 0.994251], "poseID": null, "globalTransform": {"BoneRoot/Hip/Pelvis/L_Thigh/L_Calf/L_Foot": {"location": [11.97132902899302, -31.85382200885614, 11.76513593019826], "rotation": [-0.0340994862160019, 0.1067959805542772, -0.9762258575705064, 0.1855125833683113]}, "BoneRoot/Hip/Pelvis/L_Thigh/L_Calf/L_Foot/L_ToeBase": {"location": [17.37051054349346, -45.67163383717616, 8.40086538963571], "rotation": [0.0068715068482146, 0.042345253473351, -0.9830483463624692, 0.1782571474469601]}, "BoneRoot/Hip/Pelvis/R_Thigh/R_Calf/R_Foot": {"location": [-1.8991302039739957, 28.706864295138686, 10.50036599270771], "rotation": [-0.0041416313941576, -0.22894999035416, 0.9631794185813292, 0.1408905831755894]}, "BoneRoot/Hip/Pelvis/R_Thigh/R_Calf/R_Foot/R_ToeBase": {"location": [-5.998894974098597, 15.694118074953163, 3.773887129471225], "rotation": [0.0338624638626362, -0.148565821766628, 0.9794591976114762, 0.1320651746610044]}}}, {"frame": 49, "pose": "walk_L_Foot_High2", "deltaLocation": [-0.00316338, -0.110808, 0.0], "deltaRotation": [0.0, 0.0, -0.0164477, 0.999865], "poseID": null, "globalTransform": {"BoneRoot/Hip/Pelvis/L_Thigh/L_Calf/L_Foot": {"location": [13.612686555146915, -39.892482173154555, 11.791948492838989],