{"02001_32_MOB1_Stand_Rlx_Turn_In_Place_L_Loop": {"frameRate": 60, "isLoop": false, "secondsStart": 0.016666666666666666, "secondsEnd": 0.7, "groundBone1": "L_MidToe1", "groundBone2": "R_MidToe1", "moveList": ["Idle"], "criticalPoses": [{"frame": 1, "pose": "aL_q1_fL", "deltaLocation": [0.0, 0.0, 0.0], "deltaRotation": [0.0, 0.0, 0.0, 1.0], "poseID": 111, "globalTransform": {"BoneRoot/Hip/Pelvis/L_Thigh/L_Calf/L_Foot": {"location": [15.59270086554794, -1.0384747168616657, 10.27136615664879], "rotation": [-0.0189537547403644, 0.1993283827941327, -0.9704500429543926, 0.1346687236285221]}, "BoneRoot/Hip/Pelvis/L_Thigh/L_Calf/L_Foot/L_ToeBase": {"location": [19.453995264364533, -14.489830055932533, 4.30866025823054], "rotation": [0.0166540028381353, 0.1367026873056165, -0.982973396202966, 0.1216483531746205]}, "BoneRoot/Hip/Pelvis/R_Thigh/R_Calf/R_Foot": {"location": [-16.183986602298845, 0.3845432800553616, 10.177431573050503], "rotation": [-0.0420349010752768, -0.2035454073624942, 0.942294260431794, 0.2624573508029952]}, "BoneRoot/Hip/Pelvis/R_Thigh/R_Calf/R_Foot/R_ToeBase": {"location": [-23.447754045143704, -11.470701522133693, 4.0068133936213], "rotation": [0.0002095521382042, -0.1507174642679197, 0.9566008251606438, 0.2493974004566309]}}}, {"frame": 12, "pose": "aL_q3_fL", "deltaLocation": [-0.07820208999673693, 0.024634085013299743, 0.0], "deltaRotation": [0.0, 0.0, 0.14849312511374188, 0.9889134399905558], "poseID": null, "globalTransform": {"BoneRoot/Hip/Pelvis/L_Thigh/L_Calf/L_Foot": {"location": [21.08578888209731, -8.339889039956832, 11.645046903785126], "rotation": [-0.0457281128903563, 0.1365315556904791, -0.8982323897197964, 0.4152669599793466]}, "BoneRoot/Hip/Pelvis/L_Thigh/L_Calf/L_Foot/L_ToeBase": {"location": [32.24425022460184, -17.738087902759474, 7.336309475501564], "rotation": [0.0073705062579502, 0.0868726332156046, -0.9098376141889308, 0.4057022763587642]}, "BoneRoot/Hip/Pelvis/R_Thigh/R_Calf/R_Foot": {"location": [-8.516555110053307, 0.4496255680178098, 10.15691662772143], "rotation": [-0.0646598521966588, -0.1935619415878741, 0.8930592697970021, 0.4009962829157947]}, "BoneRoot/Hip/Pelvis/R_Thigh/R_Calf/R_Foot/R_ToeBase": {"location": [-19.03072405163, -8.729898531191338, 4.109253006899656], "rotation": [-0.0166547231330678, -0.1475034069728996, 0.9089655389412048, 0.3895471911669669]}}}, {"frame": 26, "pose": "aR_q1_fL", "deltaLocation": [0.014504292295542969, -9.336304020107995e-05, 0.0], "deltaRotation": [0.0, 0.0, 0.1283315509220943, 0.9917313209927021], "poseID": null, "globalTransform": {"BoneRoot/Hip/Pelvis/L_Thigh/L_Calf/L_Foot": {"location": [11.885147441277546, -0.1812441542924772, 10.366844393020742], "rotation": [-0.0412274410839939, 0.1962413784082539, -0.9516139930017954, 0.2328528029147881]}, "BoneRoot/Hip/Pelvis/L_Thigh/L_Calf/L_Foot/L_ToeBase": {"location": [18.380663962183164, -12.571879254475114, 4.393320430050657], "rotation": [0.0006927344201734, 0.1368020964051672, -0.9655496182134364, 0.2213563672137343]}, "BoneRoot/Hip/Pelvis/R_Thigh/R_Calf/R_Foot": {"location": [-10.215554338441123, 2.61196305195206, 11.381395613296712], "rotation": [-0.0945445081780325, -0.2206161720563326, 0.8297080158052742, 0.503958777192202]}, "BoneRoot/Hip/Pelvis/R_Thigh/R_Calf/R_Foot/R_ToeBase": {"location": [-22.302026955709906, -3.391963606024614, 4.363145410417282], "rotation": [-0.0279812990951663, -0.1476040722176822, 0.8547828043809191, 0.4967659832359655]}}}, {"frame": 34, "pose": "aR_q3_fR", "deltaLocation": [0.0033585485859519994, -0.007518346148175783, 0.0], "deltaRotation": [0.0, 0.0, 0.029617914433652484, 0.9995612933405339], "poseID": null, "globalTransform": {"BoneRoot/Hip/Pelvis/L_Thigh/L_Calf/L_Foot": {"location": [11.544392548956663, -0.1234103777158419, 10.28296914941772], "rotation": [-0.033754070137147, 0.1977972582438835, -0.9579951924174208, 0.2048953847344742]}, "BoneRoot/Hip/Pelvis/L_Thigh/L_Calf/L_Foot/L_ToeBase": {"location": [17.313287565658413, -12.867737351113686, 4.307665179328659], "rotation": [0.0063513071263788, 0.1375753639659434, -0.9715152573136084, 0.1928491247952596]}, "BoneRoot/Hip/Pelvis/R_Thigh/R_Calf/R_Foot": {"location": [-16.799617526409673, -0.8345056646060431, 12.125863493593387], "rotation": [-0.0447067315596502, -0.1928508996115763, 0.9263289647232352, 0.3205066111440428]}, "BoneRoot/Hip/Pelvis/R_Thigh/R_Calf/R_Foot/R_ToeBase": {"location": [-25.56980711519525, -11.78917508125278, 6.255212729934573], "rotation": [5.68972416598924e-05, -0.142956321477246, 0.940640755403994, 0.3078286149554678]}}}, {"frame": 42, "pose": "wL_neutral_to_wlean_fL", "deltaLocation": [-0.04038743910637775, -0.013567053108932437, 0.0], "deltaRotation": [0.0, 0.0, 0.0728052459259186, 0.9973461766937629], "poseID": 111, "globalTransform": {"BoneRoot/Hip/Pelvis/L_Thigh/L_Calf/L_Foot": {"location": [15.59270086554796, -1.0384747168616697, 10.27136615664879], "rotation": [-0.0189537547403644, 0.1993283827941326, -0.9704500429543926, 0.1346687236285222]}, "BoneRoot/Hip/Pelvis/L_Thigh/L_Calf/L_Foot/L_ToeBase": {"location": [19.45399526436455, -14.489830055932533, 4.308660258230541], "rotation": [0.0166540028381353, 0.1367026873056164, -0.982973396202966, 0.1216483531746205]}, "BoneRoot/Hip/Pelvis/R_Thigh/R_Calf/R_Foot": {"location": [-16.183986602298837, 0.3845432800553627, 10.177431573050496], "rotation": [-0.0420349010752768, -0.2035454073624943, 0.942294260431794, 0.2624573508029952]}, "BoneRoot/Hip/Pelvis/R_Thigh/R_Calf/R_Foot/R_ToeBase": {"location": [-23.447754045143704, -11.470701522133687, 4.006813393621291], "rotation": [0.0002095521382042, -0.1507174642679198, 0.9566008251606438, 0.2493974004566309]}}}], "rootMovement": [{"frame": 1, "deltaLocation": [0.0, 0.0, -0.0], "deltaRotation": [0, 0, 0, 1], "footOnGround": 3}, {"frame": 2, "deltaLocation": [-0.008872892956628414, 0.0, -0.003898536067999302], "deltaRotation": [0.0, 0.0134735841752141, -0.0, 0.9999092271448812], "footOnGround": 3}, {"frame": 3, "deltaLocation": [-0.008718524334528154, 0.0, -0.003833684257987488], "deltaRotation": [0.0, 0.013545376546689943, -0.0, 0.9999082571787317], "footOnGround": 3}, {"frame": 4, "deltaLocation": [-0.007302346162802192, 0.0, -0.004487632613304436], "deltaRotation": [0.0, 0.013349026323521194, -0.0, 0.9999108977785041], "footOnGround": 3}, {"frame": 5, "deltaLocation": [-0.007075065287148709, 0.0, -0.004455068464667235], "deltaRotation": [0.0, 0.01340181023907215, -0.0, 0.9999101917083933], "footOnGround": 3}, {"frame": 6, "deltaLocation": [-0.006763223285158997, 0.0, -0.004054044704336192], "deltaRotation": [0.0, 0.012602619528661438, -0.0, 0.9999205838370445], "footOnGround": 3}, {"frame": 7, "deltaLocation": [-0.006806531283182421, 0.0, -0.003962988008368918], "deltaRotation": [0.0, 0.012653637371788526, -0.0, 0.999919939525792], "footOnGround": 3}, {"frame": 8, "deltaLocation": [-0.0064601455223225294, 0.0, -0.0030991784436181858], "deltaRotation": [0.0, 0.012905201871813994, -0.0, 0.9999167244149123], "footOnGround": 3}, {"frame": 9, "deltaLocation": [-0.006478276367626743, 0.0, -0.002978457983942865], "deltaRotation": [0.0, 0.012978415947056501, -0.0, 0.99991577681298], "footOnGround": 3}, {"frame": 10, "deltaLocation": [-0.005646371391262786, 0.0, -0.002099087033710641], "deltaRotation": [0.0, 0.01465504318398293, -0.0, 0.999892609088234], "footOnGround": 3}, {"frame": 11, "deltaLocation": [-0.00554433333442617, 0.0, -0.0019728026926780053], "deltaRotation": [0.0, 0.014632816147925545, -0.0, 0.9998929346142922], "footOnGround": 3}, {"frame": 12, "deltaLocation": [-0.004771920878495904, 0.0, -0.000980789814654094], "deltaRotation": [0.0, 0.014842192812608134, -0.0, 0.9998898485895902], "footOnGround": 3}, {"frame": 13, "deltaLocation": [-0.00470147449143679, 0.0, -0.0008847736721321669], "deltaRotation": [0.0, 0.014828169031558123, -0.0, 0.9998900566578166], "footOnGround": 3}, {"frame": 14, "deltaLocation": [-0.003305742420381197, 0.0, 2.8265687481602e-05],