{"02001_33_MOB1_Stand_Rlx_Turn_In_Place_R_Loop": {"frameRate": 60, "isLoop": false, "secondsStart": 0.016666666666666666, "secondsEnd": 0.7, "groundBone1": "L_MidToe1", "groundBone2": "R_MidToe1", "moveList": ["Idle"], "criticalPoses": [{"frame": 1, "pose": "aR_q1_fL", "deltaLocation": [0.0, 0.0, 0.0], "deltaRotation": [0.0, 0.0, 0.0, 1.0], "poseID": 111, "globalTransform": {"BoneRoot/Hip/Pelvis/L_Thigh/L_Calf/L_Foot": {"location": [15.59270086554796, -1.0384747168616848, 10.27136615664879], "rotation": [-0.0189537547403643, 0.1993283827941326, -0.9704500429543929, 0.1346687236285222]}, "BoneRoot/Hip/Pelvis/L_Thigh/L_Calf/L_Foot/L_ToeBase": {"location": [19.45399526436455, -14.489830055932549, 4.308660258230544], "rotation": [0.0166540028381354, 0.1367026873056163, -0.982973396202966, 0.1216483531746205]}, "BoneRoot/Hip/Pelvis/R_Thigh/R_Calf/R_Foot": {"location": [-16.18398660229884, 0.3845432800553647, 10.177431573050496], "rotation": [-0.0420349010752768, -0.2035454073624944, 0.942294260431794, 0.2624573508029953]}, "BoneRoot/Hip/Pelvis/R_Thigh/R_Calf/R_Foot/R_ToeBase": {"location": [-23.4477540451437, -11.470701522133686, 4.0068133936212895], "rotation": [0.0002095521382042, -0.1507174642679198, 0.9566008251606438, 0.2493974004566309]}}}, {"frame": 12, "pose": "aR_q3_fR", "deltaLocation": [0.05855763986599662, 0.004845645564495427, 0.0], "deltaRotation": [0.0, 0.0, -0.1556468248212354, 0.9878127686576377], "poseID": null, "globalTransform": {"BoneRoot/Hip/Pelvis/L_Thigh/L_Calf/L_Foot": {"location": [9.718484380305842, 1.5376205289805984, 10.300611781268394], "rotation": [-0.0485521478577672, 0.194112496306737, -0.9375980090983655, 0.2843817874807487]}, "BoneRoot/Hip/Pelvis/L_Thigh/L_Calf/L_Foot/L_ToeBase": {"location": [17.543995544907133, -10.067403250650075, 4.343504465684568], "rotation": [-0.0054637260062523, 0.1366540928264435, -0.9522117585031572, 0.273109087326356]}, "BoneRoot/Hip/Pelvis/R_Thigh/R_Calf/R_Foot": {"location": [-18.51681222729433, -2.8056039606154566, 11.589159370855892], "rotation": [-0.0343965228960378, -0.1674227964622038, 0.9189901852996304, 0.355307649453806]}, "BoneRoot/Hip/Pelvis/R_Thigh/R_Calf/R_Foot/R_ToeBase": {"location": [-28.275515118733065, -13.323454426753775, 6.5366053643204465], "rotation": [0.0130115511960847, -0.1190265853418519, 0.9317583802993066, 0.3427676943052586]}}}, {"frame": 27, "pose": "aL_q1_fR", "deltaLocation": [-0.006688709636638044, -0.009647256402133866, 0.0], "deltaRotation": [0.0, 0.0, -0.13904271142311164, 0.9902863850422813], "poseID": null, "globalTransform": {"BoneRoot/Hip/Pelvis/L_Thigh/L_Calf/L_Foot": {"location": [9.65750571710002, 4.333777536133544, 12.370013895567531], "rotation": [-0.0586441411036441, 0.2423654902920292, -0.8773162698479925, 0.4100438958083933]}, "BoneRoot/Hip/Pelvis/L_Thigh/L_Calf/L_Foot/L_ToeBase": {"location": [20.16983251067998, -3.975591928810536, 5.1694554359317575], "rotation": [-0.0272293629284892, 0.1555377236410091, -0.9036124984052112, 0.3981846695253021]}, "BoneRoot/Hip/Pelvis/R_Thigh/R_Calf/R_Foot": {"location": [-11.643798178448588, 0.323326678108772, 10.192193088730042], "rotation": [-0.0580971698748105, -0.1934777556205554, 0.9171862832435566, 0.343453634079537]}, "BoneRoot/Hip/Pelvis/R_Thigh/R_Calf/R_Foot/R_ToeBase": {"location": [-20.885466963332703, -10.16045374025734, 4.186571166752018], "rotation": [-0.0121735357180315, -0.1446723793412662, 0.9321676427770018, 0.3316401565604301]}}}, {"frame": 35, "pose": "aL_q3_fL", "deltaLocation": [0.006494727512566297, -0.013238390649700386, 0.0], "deltaRotation": [0.0, 0.0, -0.03566726190178612, 0.9993637207885973], "poseID": null, "globalTransform": {"BoneRoot/Hip/Pelvis/L_Thigh/L_Calf/L_Foot": {"location": [17.1899340739265, 0.6720591653316266, 12.406678584640224], "rotation": [-0.0265244668038797, 0.193309947411619, -0.9593450225670024, 0.2039236243508948]}, "BoneRoot/Hip/Pelvis/L_Thigh/L_Calf/L_Foot/L_ToeBase": {"location": [22.986011618201125, -12.13775292284426, 6.600074774656449], "rotation": [0.0115569905644262, 0.1324468120534068, -0.9725017880281762, 0.1912185927884199]}, "BoneRoot/Hip/Pelvis/R_Thigh/R_Calf/R_Foot": {"location": [-12.36143035899192, 0.7144115740559243, 10.198700553037982], "rotation": [-0.0485250531866437, -0.1989434948925223, 0.9280706194885796, 0.3110494016957212]}, "BoneRoot/Hip/Pelvis/R_Thigh/R_Calf/R_Foot/R_ToeBase": {"location": [-20.85019359597674, -10.349338840756452, 4.122544916943595], "rotation": [-0.0035071575304347, -0.1485344169232005, 0.9427569063227176, 0.2985542537231048]}}}, {"frame": 42, "pose": "wL_neutral_to_wlean_fL", "deltaLocation": [0.03648301722405918, -0.01327713209225712, 0.0], "deltaRotation": [0.0, 0.0, -0.05101107998728087, 0.9986980873710188], "poseID": 111, "globalTransform": {"BoneRoot/Hip/Pelvis/L_Thigh/L_Calf/L_Foot": {"location": [15.592700865547952, -1.0384747168616837, 10.271366156648762], "rotation": [-0.0189537547403644, 0.1993283827941325, -0.9704500429543926, 0.1346687236285221]}, "BoneRoot/Hip/Pelvis/L_Thigh/L_Calf/L_Foot/L_ToeBase": {"location": [19.453995264364547, -14.48983005593255, 4.308660258230514], "rotation": [0.0166540028381354, 0.1367026873056163, -0.982973396202966, 0.1216483531746205]}, "BoneRoot/Hip/Pelvis/R_Thigh/R_Calf/R_Foot": {"location": [-16.18398660229884, 0.3845432800553592, 10.177431573050496], "rotation": [-0.0420349010752768, -0.2035454073624943, 0.942294260431794, 0.2624573508029952]}, "BoneRoot/Hip/Pelvis/R_Thigh/R_Calf/R_Foot/R_ToeBase": {"location": [-23.447754045143704, -11.470701522133696, 4.006813393621293], "rotation": [0.0002095521382042, -0.1507174642679197, 0.9566008251606438, 0.2493974004566309]}}}], "rootMovement": [{"frame": 1, "deltaLocation": [0.0, 0.0, -0.0], "deltaRotation": [0, 0, 0, 1], "footOnGround": 3}, {"frame": 2, "deltaLocation": [0.0063273657055718325, 0.0, -0.002369514863457767], "deltaRotation": [0.0, -0.0141780265059317, -0.0, 0.99989948673074], "footOnGround": 3}, {"frame": 3, "deltaLocation": [0.006351200343504449, 0.0, -0.002328812704775761], "deltaRotation": [0.0, -0.014196802528519398, -0.0, 0.9998992203207112], "footOnGround": 3}, {"frame": 4, "deltaLocation": [0.006216574960103542, 0.0, -0.001701232134456066], "deltaRotation": [0.0, -0.01398354481934118, -0.0, 0.9999022254572122], "footOnGround": 3}, {"frame": 5, "deltaLocation": [0.00638830621865973, 0.0, -0.001558015557945186], "deltaRotation": [0.0, -0.013981412316191037, -0.0, 0.999902255277807], "footOnGround": 3}, {"frame": 6, "deltaLocation": [0.005529197433765172, 0.0, -0.001597367980277185], "deltaRotation": [0.0, -0.01473319842668009, -0.0, 0.999891460541653], "footOnGround": 3}, {"frame": 7, "deltaLocation": [0.005622253902275023, 0.0, -0.001480947124491204], "deltaRotation": [0.0, -0.014747225246937862, -0.0, 0.9998912537608858], "footOnGround": 3}, {"frame": 8, "deltaLocation": [0.005032349159668556, 0.0, -0.001064142170989463], "deltaRotation": [0.0, -0.014993720061398126, -0.0, 0.9998875878611158], "footOnGround": 3}, {"frame": 9, "deltaLocation": [0.004926662815822283, 0.0, -0.001039724325962115], "deltaRotation": [0.0, -0.014983060364704464, -0.0, 0.9998877476507589], "footOnGround": 3}, {"frame": 10, "deltaLocation": [0.004234244937796866, 0.0, -0.000471082025720172], "deltaRotation": [0.0, -0.014182217900583256, -0.0, 0.9998994272902754], "footOnGround": 3}, {"frame": 11, "deltaLocation": [0.0040393886404790705, 0.0, -0.0004888080895432869], "deltaRotation": [0.0, -0.014173383766993052, -0.0, 0.9998995525514518], "footOnGround": 3}, {"frame": 12, "deltaLocation": [0.003165828057814385, 0.0, 0.000245201996117978], "deltaRotation": [0.0, -0.012124332187187137, -0.0, 0.9999264975832048], "footOnGround": 3}, {"frame": 13, "deltaLocation": [0.0029950767258251285, 0.0, 0.000290695451813324], "deltaRotation": [0.0, -0.012076076164183023, -0.0, 0.9999270815336871], "footOnGround": 3}, {"frame": 14, "deltaLocation": [0.0023053185281357892, 0.0, 0.000901158191741871],